SRC_Entity_ID;SRC_Entity_HashKey;SRC_Entity_Type;TGT_Enity_ID;TGT_Entity_Type;TGT_Entity_HASKEY;Entity_Relationship_Type;CreateTimeStamp;EFFDT;TERMDT;HashKey;Version;Status
Snowflake~DEFAULT~DEFAULT~RS-4~63~first_order_date;5ILJKO7CQG5VS9A8H5UOH3B9BO;Column;Snowflake~DEFAULT~DEFAULT~CTE-FINAL-1~74~first_order_date;Column;7UHQBOFEDVSE89RG5H66OGN4C;Column_CONNECT_TO_Column;20230801172336;20230801172336;99991231000000;5TBUGKQEDITUOL1BS89517QCG2;1;I
Snowflake~DEFAULT~DEFAULT~RS-4~64~most_recent_order_date;3S3PO94PE191K4H3N0D0HF7H9G;Column;Snowflake~DEFAULT~DEFAULT~CTE-FINAL-1~75~most_recent_order_date;Column;1Q2S7C7PLUN13TL0255ODGRG50;Column_CONNECT_TO_Column;20230801172336;20230801172336;99991231000000;2Q6BFPOAV4RKDSGIMDP3LIDH93;1;I
Snowflake~DEFAULT~DEFAULT~RS-1~87~customer_id;65HQUN3LPK36F5TFS1OD9AC4M2;Column;Snowflake~DEFAULT~DEFAULT~CTE-CUSTOMERS-1~16_0~CUSTOMER_ID;Column;26KUS9EUU1MO25T2VDPMJ7TMHO;Column_CONNECT_TO_Column;20230801172336;20230801172336;99991231000000;46IO1MCR92IFB0D9BJ1LFERTF6;1;I
Snowflake~DEFAULT~DEFAULT~RS-4~65~lifetime_value;46DNQ90HA6RA9650E1US872SQE;Column;Snowflake~DEFAULT~DEFAULT~CTE-FINAL-1~76~lifetime_value;Column;2II30F6FNPT3BTI3M2V6TR1VB;Column_CONNECT_TO_Column;20230801172336;20230801172336;99991231000000;2HV59E4H53T3JH5HNV1R679RUD;1;I
Snowflake~DEFAULT~DEFAULT~RS-1~14_1~FIRST_NAME;1EPKUSPMRRBJJEJ87P8ET83HPT;Column;Snowflake~DEFAULT~DEFAULT~CTE-CUSTOMERS-1~16_1~FIRST_NAME;Column;PE9QB9K47GFSFBPNTLN35ODHI;Column_CONNECT_TO_Column;20230801172336;20230801172336;99991231000000;2UDHINJ54SR1KK4DK09PNOGOPR;1;I
Snowflake~DEFAULT~DEFAULT~RS-4~66~number_of_orders;543LVS9P6P1ORC2JVGNBS1P54A;Column;Snowflake~DEFAULT~DEFAULT~CTE-FINAL-1~77~number_of_orders;Column;3GG7AUV5JIQ7HEKNQ8BH6GK5NV;Column_CONNECT_TO_Column;20230801172336;20230801172336;99991231000000;798QMUNQOP8EF8VOE1T6F01ODE;1;I
Snowflake~DEFAULT~DEFAULT~RS-1~14_2~LAST_NAME;6M16DAU5149QM8HS2TR9QVEN7I;Column;Snowflake~DEFAULT~DEFAULT~CTE-CUSTOMERS-1~16_2~LAST_NAME;Column;2PGAHH00L3R1JBICMK990JDKEG;Column_CONNECT_TO_Column;20230801172336;20230801172336;99991231000000;658TI8T72V4E4KJVMOAV0D2U4;1;I
Snowflake~DEFAULT~DEFAULT~RS-2~31_0~CUSTOMER_ID;6O7HU25H2DPOO9QHPQ29MKTRJI;Column;Snowflake~DEFAULT~DEFAULT~CTE-ORDERS-1~33_0~CUSTOMER_ID;Column;40DMG0K1Q3D358M7U2AM3H8DJC;Column_CONNECT_TO_Column;20230801172336;20230801172336;99991231000000;6VNLRAEAMRVTAHOLMRU2CVSLU5;1;I
Snowflake~DEFAULT~DEFAULT~RS-2~31_1~ORDER_DATE;2EDQKDOISGUPV0M70GSBB5NN8D;Column;Snowflake~DEFAULT~DEFAULT~CTE-ORDERS-1~33_1~ORDER_DATE;Column;3J6QBS1N2TA4EDLPTG59PKNFAN;Column_CONNECT_TO_Column;20230801172336;20230801172336;99991231000000;3FVI5260K9B0VC50IFMQOV565M;1;I
Snowflake~DEFAULT~DEFAULT~CTE-FINAL-1~71~customer_id;1OTR7NMBE4USFHP1JMG7AQDOU6;Column;Snowflake~DEFAULT~DEFAULT~RS-5~80~customer_id;Column;10TC2NV91QQ2VGBHQARTFFE8NP;Column_CONNECT_TO_Column;20230801172336;20230801172336;99991231000000;RTEP9B1SCQORLEDNSSUQKM89I;1;I
Snowflake~DEFAULT~DEFAULT~RS-2~31_2~ORDER_ID;1H180C02MFV0D5HQL2PMHRTU6C;Column;Snowflake~DEFAULT~DEFAULT~CTE-ORDERS-1~33_2~ORDER_ID;Column;71NLVB2O5VDNTQU67HR3D7AGO2;Column_CONNECT_TO_Column;20230801172336;20230801172336;99991231000000;1JBVNJ64AAN0ASD3PF05IQ0KOH;1;I
Snowflake~DEFAULT~DEFAULT~RS-2~31_3~AMOUNT;7KP7S7RERMVESN72PE4LSRTITK;Column;Snowflake~DEFAULT~DEFAULT~CTE-ORDERS-1~33_3~AMOUNT;Column;13OTF7VUT2CB0V0C89A0U92AMT;Column_CONNECT_TO_Column;20230801172336;20230801172336;99991231000000;1IA2FJ116J8C1P1E03MBI9HEM0;1;I
Snowflake~DEFAULT~DEFAULT~CTE-FINAL-1~72~first_name;5PF0VMAMKH73FLF9L8SSK8QHFM;Column;Snowflake~DEFAULT~DEFAULT~RS-5~81~first_name;Column;U21N54MCJ3Q0E270OV40L3H1O;Column_CONNECT_TO_Column;20230801172336;20230801172336;99991231000000;6AIR9KD8NITK72PB6VAL7VG6E4;1;I
Snowflake~DEFAULT~DEFAULT~CTE-FINAL-1~73~last_name;F7LHFQOOF91HACITR4H7KD4D4;Column;Snowflake~DEFAULT~DEFAULT~RS-5~82~last_name;Column;88TQNLS1939HKOCDPJNN89PNG;Column_CONNECT_TO_Column;20230801172336;20230801172336;99991231000000;395CPKNNJL644F7KE3HVJR9366;1;I
Snowflake~DEFAULT~DEFAULT~CTE-FINAL-1~74~first_order_date;7UHQBOFEDVSE89RG5H66OGN4C;Column;Snowflake~DEFAULT~DEFAULT~RS-5~83~first_order_date;Column;2712ST54ECCNHSRHVTSUA97F6B;Column_CONNECT_TO_Column;20230801172336;20230801172336;99991231000000;GD30TACSIJG2ATSES1VC2T36K;1;I
Snowflake~DEFAULT~DEFAULT~CTE-FINAL-1~75~most_recent_order_date;1Q2S7C7PLUN13TL0255ODGRG50;Column;Snowflake~DEFAULT~DEFAULT~RS-5~84~most_recent_order_date;Column;5POASV3MA0TV0SGPID6IPNNRTC;Column_CONNECT_TO_Column;20230801172336;20230801172336;99991231000000;3RA935O7NS1JFNEADR0VR9J0JL;1;I
Snowflake~DEFAULT~DEFAULT~CTE-FINAL-1~76~lifetime_value;2II30F6FNPT3BTI3M2V6TR1VB;Column;Snowflake~DEFAULT~DEFAULT~RS-5~85~lifetime_value;Column;3F07LTBEBL0IOHDHCEL631LSQA;Column_CONNECT_TO_Column;20230801172336;20230801172336;99991231000000;1C3K1Q6P4ED4N2HPDF5D4AQGHR;1;I
Snowflake~DEFAULT~DEFAULT~CTE-FINAL-1~77~number_of_orders;3GG7AUV5JIQ7HEKNQ8BH6GK5NV;Column;Snowflake~DEFAULT~DEFAULT~RS-5~86~number_of_orders;Column;4P1UD5LSPVTG06CMO9JL2OTU8J;Column_CONNECT_TO_Column;20230801172336;20230801172336;99991231000000;2TGQBA9CNS0Q4SMSHR33BBCCM1;1;I
Snowflake~DEFAULT~DEFAULT~COUNT~48~count;5VNLUVCR38TGD9DK3DMFIRJMK7;Column;Snowflake~DEFAULT~DEFAULT~RS-3~45~number_of_orders;Column;2OIMPDT2DRK6IFLHHJ7V1BQ7MC;Column_CONNECT_TO_Column;20230801172336;20230801172336;99991231000000;7L0MNO3GRKSINQK0GD22GRAB66;1;I
Snowflake~ANALYTICS~DBT_GGITHIRI~STG_CUSTOMERS~9~customer_id;57UPAVRUGC6A428091D35ILQ3O;Column;Snowflake~DEFAULT~DEFAULT~RS-1~87~customer_id;Column;65HQUN3LPK36F5TFS1OD9AC4M2;Column_CONNECT_TO_Column;20230801172336;20230801172336;99991231000000;1O91Q5G3DBE58KELLPH5TS9UND;1;I
Snowflake~DEFAULT~DEFAULT~SUM~52~sum;3IK3CE6RAKRGVP9LSKN8B2HC8M;Column;Snowflake~DEFAULT~DEFAULT~RS-3~49~lifetime_value;Column;5H9P60FHL939QHFHPVFS18737Q;Column_CONNECT_TO_Column;20230801172336;20230801172336;99991231000000;74V0HV1NSMVKR5JVA8OI2V3I3E;1;I
Snowflake~ANALYTICS~DBT_GGITHIRI~STG_CUSTOMERS~10~first_name;2C6S0Q9SLIVLSKRKR6HA1SBSCV;Column;Snowflake~DEFAULT~DEFAULT~RS-1~14_1~FIRST_NAME;Column;1EPKUSPMRRBJJEJ87P8ET83HPT;Column_CONNECT_TO_Column;20230801172336;20230801172336;99991231000000;11SAR0LHH3EC0TESRN9VRCL3E4;1;I
Snowflake~DEFAULT~DEFAULT~CTE-ORDERS-1~33_3~AMOUNT;13OTF7VUT2CB0V0C89A0U92AMT;Column;Snowflake~DEFAULT~DEFAULT~SUM~52~sum;Column;3IK3CE6RAKRGVP9LSKN8B2HC8M;Column_CONNECT_TO_Column;20230801172336;20230801172336;99991231000000;6F80TPD9D6RBDAJE2KT4GTLOE2;1;I
Snowflake~ANALYTICS~DBT_GGITHIRI~STG_CUSTOMERS~11~last_name;6JIJ09I6AH0QO5RU906O5GM5VS;Column;Snowflake~DEFAULT~DEFAULT~RS-1~14_2~LAST_NAME;Column;6M16DAU5149QM8HS2TR9QVEN7I;Column_CONNECT_TO_Column;20230801172336;20230801172336;99991231000000;4M7JLV850C7A09E02USU8BDUCP;1;I
Snowflake~ANALYTICS~DBT_GGITHIRI~FCT_ORDERS~25~customer_id;5F075UOUC98T1818AMP199BGNC;Column;Snowflake~DEFAULT~DEFAULT~RS-2~31_0~CUSTOMER_ID;Column;6O7HU25H2DPOO9QHPQ29MKTRJI;Column_CONNECT_TO_Column;20230801172336;20230801172336;99991231000000;1SF1KO34KJVVNO9M8U2E7BML7P;1;I
Snowflake~DEFAULT~DEFAULT~RS-3~36~customer_id;3UAM8OMQSRDT9F1G1KT3RP2E32;Column;Snowflake~DEFAULT~DEFAULT~CTE-CUSTOMER_ORDERS-1~53~customer_id;Column;M52FG5NNT2U3P5PQNT1HCBMT8;Column_CONNECT_TO_Column;20230801172336;20230801172336;99991231000000;N8V9DTB7AJB8FN5KBQKO0BGHN;1;I
Snowflake~ANALYTICS~DBT_GGITHIRI~FCT_ORDERS~26~order_date;4D7LVUF54EMFVH1HGJIKLH7HM0;Column;Snowflake~DEFAULT~DEFAULT~RS-2~31_1~ORDER_DATE;Column;2EDQKDOISGUPV0M70GSBB5NN8D;Column_CONNECT_TO_Column;20230801172336;20230801172336;99991231000000;QDARAUKTFV938INJDGMG8UR0O;1;I
Snowflake~DEFAULT~DEFAULT~RS-3~37~first_order_date;1439MER1T46D8PMIFV1BEL5QRT;Column;Snowflake~DEFAULT~DEFAULT~CTE-CUSTOMER_ORDERS-1~54~first_order_date;Column;1FGPPONSJACMRFEOHUP0B0B0LO;Column_CONNECT_TO_Column;20230801172336;20230801172336;99991231000000;6HAVH81T9JLMESH4E4BP7E6KTE;1;I
Snowflake~ANALYTICS~DBT_GGITHIRI~FCT_ORDERS~27~order_id;4RTBMNOHC6GOV31Q6M8VSHSD17;Column;Snowflake~DEFAULT~DEFAULT~RS-2~31_2~ORDER_ID;Column;1H180C02MFV0D5HQL2PMHRTU6C;Column_CONNECT_TO_Column;20230801172336;20230801172336;99991231000000;420TAGOAFPISHKTANPFCIDJ7PD;1;I
Snowflake~DEFAULT~DEFAULT~RS-3~41~most_recent_order_date;2II6SU5CJV250O7N2ABSAN5COL;Column;Snowflake~DEFAULT~DEFAULT~CTE-CUSTOMER_ORDERS-1~55~most_recent_order_date;Column;63T1HV4MV2297LDIKQ3L8U4KP4;Column_CONNECT_TO_Column;20230801172336;20230801172336;99991231000000;5VFC2SM4BPQTOG7FBH7U0TURII;1;I
Snowflake~ANALYTICS~DBT_GGITHIRI~FCT_ORDERS~28~amount;3RVOCMQ2NJC6MJAM47GIMMDKQ2;Column;Snowflake~DEFAULT~DEFAULT~RS-2~31_3~AMOUNT;Column;7KP7S7RERMVESN72PE4LSRTITK;Column_CONNECT_TO_Column;20230801172336;20230801172336;99991231000000;68T8S28M8ELJ011C3VHMTD25JL;1;I
Snowflake~DEFAULT~DEFAULT~RS-3~45~number_of_orders;2OIMPDT2DRK6IFLHHJ7V1BQ7MC;Column;Snowflake~DEFAULT~DEFAULT~CTE-CUSTOMER_ORDERS-1~56~number_of_orders;Column;1U6MVRTRDBPFDUJ2P7TI5KART0;Column_CONNECT_TO_Column;20230801172336;20230801172336;99991231000000;1F5LA3GF5N34LDJ1IKGB61D257;1;I
Snowflake~DEFAULT~DEFAULT~RS-3~49~lifetime_value;5H9P60FHL939QHFHPVFS18737Q;Column;Snowflake~DEFAULT~DEFAULT~CTE-CUSTOMER_ORDERS-1~57~lifetime_value;Column;59MKQ7C4GIC34MFBPTJG9SFSP4;Column_CONNECT_TO_Column;20230801172336;20230801172336;99991231000000;2DU2MRTCCEL1GGSPHSCOEAVLMA;1;I
Snowflake~ANALYTICS~DBT_GGITHIRI~STG_CUSTOMERS~9~customer_id;57UPAVRUGC6A428091D35ILQ3O;Column;Snowflake~DEFAULT~DEFAULT~RS-1~14~*;Column;4NNFSUNSI94T7ETIKKR0FFCPKN;Column_CONNECT_TO_Column;20230801172336;20230801172336;99991231000000;6MFUDVJRS5I3P1IOF4A47U8S8C;1;I
Snowflake~ANALYTICS~DBT_GGITHIRI~STG_CUSTOMERS~10~first_name;2C6S0Q9SLIVLSKRKR6HA1SBSCV;Column;Snowflake~DEFAULT~DEFAULT~RS-1~14~*;Column;4NNFSUNSI94T7ETIKKR0FFCPKN;Column_CONNECT_TO_Column;20230801172336;20230801172336;99991231000000;2N77B87RV5HCVD7J6C3JKEV3QI;1;I
Snowflake~ANALYTICS~DBT_GGITHIRI~STG_CUSTOMERS~11~last_name;6JIJ09I6AH0QO5RU906O5GM5VS;Column;Snowflake~DEFAULT~DEFAULT~RS-1~14~*;Column;4NNFSUNSI94T7ETIKKR0FFCPKN;Column_CONNECT_TO_Column;20230801172336;20230801172336;99991231000000;12VNJSE6PIVCR6F1ERA5UV1QNM;1;I
Snowflake~ANALYTICS~DBT_GGITHIRI~STG_CUSTOMERS~15~*;2K8D5MQEPCLC979L9RPCNPS8GJ;Column;Snowflake~DEFAULT~DEFAULT~RS-1~14~*;Column;4NNFSUNSI94T7ETIKKR0FFCPKN;Column_CONNECT_TO_Column;20230801172336;20230801172336;99991231000000;6MF76QQ52EJIQJ4LPH8H4RNS03;1;I
Snowflake~DEFAULT~DEFAULT~RS-1~14~*;4NNFSUNSI94T7ETIKKR0FFCPKN;Column;Snowflake~DEFAULT~DEFAULT~CTE-CUSTOMERS-1~16~*;Column;9F0QUKT7H6D3F87H4QNJLQKJ7;Column_CONNECT_TO_Column;20230801172336;20230801172336;99991231000000;5L8QTU8PE30PEEVBD9BGBHRC7F;1;I
Snowflake~ANALYTICS~DBT_GGITHIRI~FCT_ORDERS~25~customer_id;5F075UOUC98T1818AMP199BGNC;Column;Snowflake~DEFAULT~DEFAULT~RS-2~31~*;Column;3ALPATRST0K36PBGG58Q9RTE3R;Column_CONNECT_TO_Column;20230801172336;20230801172336;99991231000000;74QK5J0TF5NO0A4S8GQGDQNM3B;1;I
Snowflake~ANALYTICS~DBT_GGITHIRI~FCT_ORDERS~26~order_date;4D7LVUF54EMFVH1HGJIKLH7HM0;Column;Snowflake~DEFAULT~DEFAULT~RS-2~31~*;Column;3ALPATRST0K36PBGG58Q9RTE3R;Column_CONNECT_TO_Column;20230801172336;20230801172336;99991231000000;7QQ7SH8KR00GFGRG289993GPOB;1;I
Snowflake~ANALYTICS~DBT_GGITHIRI~FCT_ORDERS~27~order_id;4RTBMNOHC6GOV31Q6M8VSHSD17;Column;Snowflake~DEFAULT~DEFAULT~RS-2~31~*;Column;3ALPATRST0K36PBGG58Q9RTE3R;Column_CONNECT_TO_Column;20230801172336;20230801172336;99991231000000;6RNBFP94VGP7KFL9BPIMNH1MJ2;1;I
Snowflake~ANALYTICS~DBT_GGITHIRI~FCT_ORDERS~28~amount;3RVOCMQ2NJC6MJAM47GIMMDKQ2;Column;Snowflake~DEFAULT~DEFAULT~RS-2~31~*;Column;3ALPATRST0K36PBGG58Q9RTE3R;Column_CONNECT_TO_Column;20230801172336;20230801172336;99991231000000;7VS81D756FI1PABQHUD4D7VVCO;1;I
Snowflake~ANALYTICS~DBT_GGITHIRI~FCT_ORDERS~32~*;PO7N774GOJPB2J84Q6EC5U8ER;Column;Snowflake~DEFAULT~DEFAULT~RS-2~31~*;Column;3ALPATRST0K36PBGG58Q9RTE3R;Column_CONNECT_TO_Column;20230801172336;20230801172336;99991231000000;18EI53IMS6R1GGNJQ752PA5C7L;1;I
Snowflake~DEFAULT~DEFAULT~RS-2~31~*;3ALPATRST0K36PBGG58Q9RTE3R;Column;Snowflake~DEFAULT~DEFAULT~CTE-ORDERS-1~33~*;Column;35SNICA0NCUKQ9RTFO6RBMVHRL;Column_CONNECT_TO_Column;20230801172336;20230801172336;99991231000000;C94LA8AIM0QS5SG4J3V6FLV4D;1;I
Snowflake~DEFAULT~DEFAULT~CTE-ORDERS-1~33_0~CUSTOMER_ID;40DMG0K1Q3D358M7U2AM3H8DJC;Column;Snowflake~DEFAULT~DEFAULT~RS-3~36~customer_id;Column;3UAM8OMQSRDT9F1G1KT3RP2E32;Column_CONNECT_TO_Column;20230801172336;20230801172336;99991231000000;1SLBBLB2PTQG0S71R1EVO94TJJ;1;I
Snowflake~DEFAULT~DEFAULT~MIN~40~min;6ABAHPM0K7VDSM9EP3EQILL2NS;Column;Snowflake~DEFAULT~DEFAULT~RS-3~37~first_order_date;Column;1439MER1T46D8PMIFV1BEL5QRT;Column_CONNECT_TO_Column;20230801172336;20230801172336;99991231000000;4S6A0LON8GLPGIGKLEM0R6NEN9;1;I
Snowflake~DEFAULT~DEFAULT~CTE-ORDERS-1~33_1~ORDER_DATE;3J6QBS1N2TA4EDLPTG59PKNFAN;Column;Snowflake~DEFAULT~DEFAULT~MIN~40~min;Column;6ABAHPM0K7VDSM9EP3EQILL2NS;Column_CONNECT_TO_Column;20230801172336;20230801172336;99991231000000;77EMU629R9DKPOFTCNQ9JUEAEQ;1;I
Snowflake~DEFAULT~DEFAULT~MAX~44~max;441P303RPQLS85CL2071UQPNVC;Column;Snowflake~DEFAULT~DEFAULT~RS-3~41~most_recent_order_date;Column;2II6SU5CJV250O7N2ABSAN5COL;Column_CONNECT_TO_Column;20230801172336;20230801172336;99991231000000;27CR4DMGU47E7PVFI1ENDVAMKL;1;I
Snowflake~DEFAULT~DEFAULT~CTE-ORDERS-1~33_1~ORDER_DATE;3J6QBS1N2TA4EDLPTG59PKNFAN;Column;Snowflake~DEFAULT~DEFAULT~MAX~44~max;Column;441P303RPQLS85CL2071UQPNVC;Column_CONNECT_TO_Column;20230801172336;20230801172336;99991231000000;3QF6PKV1BOOLBJVFT3SFE30OAR;1;I
Snowflake~DEFAULT~DEFAULT~CTE-CUSTOMERS-1~16_0~CUSTOMER_ID;26KUS9EUU1MO25T2VDPMJ7TMHO;Column;Snowflake~DEFAULT~DEFAULT~RS-4~60~customer_id;Column;581QCL109IFN4KCQ9OH7P323B5;Column_CONNECT_TO_Column;20230801172336;20230801172336;99991231000000;6I079ELJORGSKGG9404I57O86P;1;I
Snowflake~DEFAULT~DEFAULT~CTE-CUSTOMERS-1~16_1~FIRST_NAME;PE9QB9K47GFSFBPNTLN35ODHI;Column;Snowflake~DEFAULT~DEFAULT~RS-4~61~first_name;Column;2QSRGB8VUJ8GND57UDBI6IAEU8;Column_CONNECT_TO_Column;20230801172336;20230801172336;99991231000000;3SS1O20APCENA3HUR5AV4N7CJS;1;I
Snowflake~DEFAULT~DEFAULT~CTE-CUSTOMERS-1~16_2~LAST_NAME;2PGAHH00L3R1JBICMK990JDKEG;Column;Snowflake~DEFAULT~DEFAULT~RS-4~62~last_name;Column;1TM0OVFGCD0UMO55G21UBO6C5;Column_CONNECT_TO_Column;20230801172336;20230801172336;99991231000000;42L1IGLGHJEDKNAV9MT1SIHNEK;1;I
Snowflake~DEFAULT~DEFAULT~CTE-CUSTOMER_ORDERS-1~54~first_order_date;1FGPPONSJACMRFEOHUP0B0B0LO;Column;Snowflake~DEFAULT~DEFAULT~RS-4~63~first_order_date;Column;5ILJKO7CQG5VS9A8H5UOH3B9BO;Column_CONNECT_TO_Column;20230801172336;20230801172336;99991231000000;2FSO2DI1HOALM0R7JPH9ASBKA4;1;I
Snowflake~DEFAULT~DEFAULT~CTE-CUSTOMER_ORDERS-1~55~most_recent_order_date;63T1HV4MV2297LDIKQ3L8U4KP4;Column;Snowflake~DEFAULT~DEFAULT~RS-4~64~most_recent_order_date;Column;3S3PO94PE191K4H3N0D0HF7H9G;Column_CONNECT_TO_Column;20230801172336;20230801172336;99991231000000;3182052432U4GM1P1MUC52BJHH;1;I
Snowflake~DEFAULT~DEFAULT~CTE-CUSTOMER_ORDERS-1~57~lifetime_value;59MKQ7C4GIC34MFBPTJG9SFSP4;Column;Snowflake~DEFAULT~DEFAULT~RS-4~65~lifetime_value;Column;46DNQ90HA6RA9650E1US872SQE;Column_CONNECT_TO_Column;20230801172336;20230801172336;99991231000000;103LBIOHOOFB5D4L7N53SNR8B5;1;I
Snowflake~DEFAULT~DEFAULT~COALESCE~69~coalesce;7IDEHCLFPLPNFR4SAPJOFPB2LA;Column;Snowflake~DEFAULT~DEFAULT~RS-4~66~number_of_orders;Column;543LVS9P6P1ORC2JVGNBS1P54A;Column_CONNECT_TO_Column;20230801172336;20230801172336;99991231000000;KB3EDRVQ2294U4FI04DT5V6IB;1;I
Snowflake~DEFAULT~DEFAULT~CTE-CUSTOMER_ORDERS-1~56~number_of_orders;1U6MVRTRDBPFDUJ2P7TI5KART0;Column;Snowflake~DEFAULT~DEFAULT~COALESCE~69~coalesce;Column;7IDEHCLFPLPNFR4SAPJOFPB2LA;Column_CONNECT_TO_Column;20230801172336;20230801172336;99991231000000;1EUQ420MN0C9C92RK32NPSJF1H;1;I
Snowflake~DEFAULT~DEFAULT~RS-4~60~customer_id;581QCL109IFN4KCQ9OH7P323B5;Column;Snowflake~DEFAULT~DEFAULT~CTE-FINAL-1~71~customer_id;Column;1OTR7NMBE4USFHP1JMG7AQDOU6;Column_CONNECT_TO_Column;20230801172336;20230801172336;99991231000000;94PU81089D94F6I6Q9PAABNC6;1;I
Snowflake~DEFAULT~DEFAULT~RS-4~61~first_name;2QSRGB8VUJ8GND57UDBI6IAEU8;Column;Snowflake~DEFAULT~DEFAULT~CTE-FINAL-1~72~first_name;Column;5PF0VMAMKH73FLF9L8SSK8QHFM;Column_CONNECT_TO_Column;20230801172336;20230801172336;99991231000000;12LT2MIF7FUJ14RMGV9A33ALAA;1;I
Snowflake~DEFAULT~DEFAULT~RS-4~62~last_name;1TM0OVFGCD0UMO55G21UBO6C5;Column;Snowflake~DEFAULT~DEFAULT~CTE-FINAL-1~73~last_name;Column;F7LHFQOOF91HACITR4H7KD4D4;Column_CONNECT_TO_Column;20230801172336;20230801172336;99991231000000;7L0RBPMU2ENKTABCNT0NN4BSAQ;1;I
Snowflake~ANALYTICS~DBT_GGITHIRI~FCT_ORDERS;16GAHFER336GTNT752TRIN3QCP;Table;Snowflake~ANALYTICS~DBT_GGITHIRI~FCT_ORDERS~32~*;Column;PO7N774GOJPB2J84Q6EC5U8ER;Table_HAS_Column;20230801172336;20230801172336;99991231000000;2ING3BRSDPHCJAV3MICCTDVE8T;1;I
Snowflake~ANALYTICS~DBT_GGITHIRI~FCT_ORDERS;16GAHFER336GTNT752TRIN3QCP;Table;Snowflake~ANALYTICS~DBT_GGITHIRI~FCT_ORDERS~28~amount;Column;3RVOCMQ2NJC6MJAM47GIMMDKQ2;Table_HAS_Column;20230801172336;20230801172336;99991231000000;4IMQDSQKRLNCIHD0UTBJFRI6P8;1;I
Snowflake~ANALYTICS~DBT_GGITHIRI~FCT_ORDERS;16GAHFER336GTNT752TRIN3QCP;Table;Snowflake~ANALYTICS~DBT_GGITHIRI~FCT_ORDERS~25~customer_id;Column;5F075UOUC98T1818AMP199BGNC;Table_HAS_Column;20230801172336;20230801172336;99991231000000;3IRGAL5RPORDTK72V5HEVELKHC;1;I
Snowflake~ANALYTICS~DBT_GGITHIRI~FCT_ORDERS;16GAHFER336GTNT752TRIN3QCP;Table;Snowflake~ANALYTICS~DBT_GGITHIRI~FCT_ORDERS~26~order_date;Column;4D7LVUF54EMFVH1HGJIKLH7HM0;Table_HAS_Column;20230801172336;20230801172336;99991231000000;4AF2FPCUH2ATPOTCQ4AGGFAH06;1;I
Snowflake~ANALYTICS~DBT_GGITHIRI~FCT_ORDERS;16GAHFER336GTNT752TRIN3QCP;Table;Snowflake~ANALYTICS~DBT_GGITHIRI~FCT_ORDERS~27~order_id;Column;4RTBMNOHC6GOV31Q6M8VSHSD17;Table_HAS_Column;20230801172336;20230801172336;99991231000000;7MPF0HNSBI30VL58I9K68O72O5;1;I
Snowflake~ANALYTICS~DBT_GGITHIRI~STG_CUSTOMERS;6OO5MJA44V1G0C6AJSB51I4SL8;Table;Snowflake~ANALYTICS~DBT_GGITHIRI~STG_CUSTOMERS~15~*;Column;2K8D5MQEPCLC979L9RPCNPS8GJ;Table_HAS_Column;20230801172336;20230801172336;99991231000000;6HVV2LNEILT9FICJBQAIQ5LAOE;1;I
Snowflake~ANALYTICS~DBT_GGITHIRI~STG_CUSTOMERS;6OO5MJA44V1G0C6AJSB51I4SL8;Table;Snowflake~ANALYTICS~DBT_GGITHIRI~STG_CUSTOMERS~9~customer_id;Column;57UPAVRUGC6A428091D35ILQ3O;Table_HAS_Column;20230801172336;20230801172336;99991231000000;74RC2996GO131VEUT1JVHVQA0C;1;I
Snowflake~ANALYTICS~DBT_GGITHIRI~STG_CUSTOMERS;6OO5MJA44V1G0C6AJSB51I4SL8;Table;Snowflake~ANALYTICS~DBT_GGITHIRI~STG_CUSTOMERS~10~first_name;Column;2C6S0Q9SLIVLSKRKR6HA1SBSCV;Table_HAS_Column;20230801172336;20230801172336;99991231000000;77EOO58M3IGNI78G8CNQNFSBE0;1;I
Snowflake~ANALYTICS~DBT_GGITHIRI~STG_CUSTOMERS;6OO5MJA44V1G0C6AJSB51I4SL8;Table;Snowflake~ANALYTICS~DBT_GGITHIRI~STG_CUSTOMERS~11~last_name;Column;6JIJ09I6AH0QO5RU906O5GM5VS;Table_HAS_Column;20230801172336;20230801172336;99991231000000;5FB8BVAE0JK0MFHB1AG66Q6JL8;1;I
Snowflake~DEFAULT~DEFAULT~CTE-CUSTOMERS-1;75AD4GSDM4D6O258CT9FG1MU8E;With_cte;Snowflake~DEFAULT~DEFAULT~CTE-CUSTOMERS-1~16~*;Column;9F0QUKT7H6D3F87H4QNJLQKJ7;With_cte_HAS_Column;20230801172336;20230801172336;99991231000000;Q1G2DAQQC857F8CKEJ4QGO6I6;1;I
Snowflake~DEFAULT~DEFAULT~CTE-CUSTOMERS-1;75AD4GSDM4D6O258CT9FG1MU8E;With_cte;Snowflake~DEFAULT~DEFAULT~CTE-CUSTOMERS-1~16_0~CUSTOMER_ID;Column;26KUS9EUU1MO25T2VDPMJ7TMHO;With_cte_HAS_Column;20230801172336;20230801172336;99991231000000;2NHKTJ8UEAPK8JMQISCDBLHOQG;1;I
Snowflake~DEFAULT~DEFAULT~CTE-CUSTOMERS-1;75AD4GSDM4D6O258CT9FG1MU8E;With_cte;Snowflake~DEFAULT~DEFAULT~CTE-CUSTOMERS-1~16_1~FIRST_NAME;Column;PE9QB9K47GFSFBPNTLN35ODHI;With_cte_HAS_Column;20230801172336;20230801172336;99991231000000;7RSFCMOEGBSHHGJR148493EPE1;1;I
Snowflake~DEFAULT~DEFAULT~CTE-CUSTOMERS-1;75AD4GSDM4D6O258CT9FG1MU8E;With_cte;Snowflake~DEFAULT~DEFAULT~CTE-CUSTOMERS-1~16_2~LAST_NAME;Column;2PGAHH00L3R1JBICMK990JDKEG;With_cte_HAS_Column;20230801172336;20230801172336;99991231000000;1MR4MC0LIITQVUTBKHFHH8MFRF;1;I
Snowflake~DEFAULT~DEFAULT~CTE-CUSTOMER_ORDERS-1;5LFJVUNMTGHSHQFNFIMBSJT5HS;With_cte;Snowflake~DEFAULT~DEFAULT~CTE-CUSTOMER_ORDERS-1~53~customer_id;Column;M52FG5NNT2U3P5PQNT1HCBMT8;With_cte_HAS_Column;20230801172336;20230801172336;99991231000000;6M0LDNVS7UUF4RRLQJ226CNVK1;1;I
Snowflake~DEFAULT~DEFAULT~CTE-CUSTOMER_ORDERS-1;5LFJVUNMTGHSHQFNFIMBSJT5HS;With_cte;Snowflake~DEFAULT~DEFAULT~CTE-CUSTOMER_ORDERS-1~54~first_order_date;Column;1FGPPONSJACMRFEOHUP0B0B0LO;With_cte_HAS_Column;20230801172336;20230801172336;99991231000000;1O1ICLVKDU4AD7G16OU9OIFP3G;1;I
Snowflake~DEFAULT~DEFAULT~CTE-CUSTOMER_ORDERS-1;5LFJVUNMTGHSHQFNFIMBSJT5HS;With_cte;Snowflake~DEFAULT~DEFAULT~CTE-CUSTOMER_ORDERS-1~57~lifetime_value;Column;59MKQ7C4GIC34MFBPTJG9SFSP4;With_cte_HAS_Column;20230801172336;20230801172336;99991231000000;6BPINF7UPA6EO29MBM70VQJFD7;1;I
Snowflake~DEFAULT~DEFAULT~CTE-CUSTOMER_ORDERS-1;5LFJVUNMTGHSHQFNFIMBSJT5HS;With_cte;Snowflake~DEFAULT~DEFAULT~CTE-CUSTOMER_ORDERS-1~55~most_recent_order_date;Column;63T1HV4MV2297LDIKQ3L8U4KP4;With_cte_HAS_Column;20230801172336;20230801172336;99991231000000;3G9EO29EKJJ12OAFJA0GR0H015;1;I
Snowflake~DEFAULT~DEFAULT~CTE-CUSTOMER_ORDERS-1;5LFJVUNMTGHSHQFNFIMBSJT5HS;With_cte;Snowflake~DEFAULT~DEFAULT~CTE-CUSTOMER_ORDERS-1~56~number_of_orders;Column;1U6MVRTRDBPFDUJ2P7TI5KART0;With_cte_HAS_Column;20230801172336;20230801172336;99991231000000;5PFLGNJ6949NQBK8KOEGGTQF7P;1;I
Snowflake~DEFAULT~DEFAULT~CTE-FINAL-1;5OQGSS0QEPKO2IOCQOK8VUVEB;With_cte;Snowflake~DEFAULT~DEFAULT~CTE-FINAL-1~1~RelationRows;Column;5OHQ1KS5I1MF0RNA2HKA3KD15M;With_cte_HAS_Column;20230801172336;20230801172336;99991231000000;4O1FJV5E00V6BOGMOR3U26UOON;1;I
Snowflake~DEFAULT~DEFAULT~CTE-FINAL-1;5OQGSS0QEPKO2IOCQOK8VUVEB;With_cte;Snowflake~DEFAULT~DEFAULT~CTE-FINAL-1~71~customer_id;Column;1OTR7NMBE4USFHP1JMG7AQDOU6;With_cte_HAS_Column;20230801172336;20230801172336;99991231000000;OG66SKC8549DM6L99GVMOUCCU;1;I
Snowflake~DEFAULT~DEFAULT~CTE-FINAL-1;5OQGSS0QEPKO2IOCQOK8VUVEB;With_cte;Snowflake~DEFAULT~DEFAULT~CTE-FINAL-1~72~first_name;Column;5PF0VMAMKH73FLF9L8SSK8QHFM;With_cte_HAS_Column;20230801172336;20230801172336;99991231000000;76IPR8LVBBBC6NJBM86KC8VDUA;1;I
Snowflake~DEFAULT~DEFAULT~CTE-FINAL-1;5OQGSS0QEPKO2IOCQOK8VUVEB;With_cte;Snowflake~DEFAULT~DEFAULT~CTE-FINAL-1~74~first_order_date;Column;7UHQBOFEDVSE89RG5H66OGN4C;With_cte_HAS_Column;20230801172336;20230801172336;99991231000000;2FT4EL6UGU602KOGKCVTRFLN32;1;I
Snowflake~DEFAULT~DEFAULT~CTE-FINAL-1;5OQGSS0QEPKO2IOCQOK8VUVEB;With_cte;Snowflake~DEFAULT~DEFAULT~CTE-FINAL-1~73~last_name;Column;F7LHFQOOF91HACITR4H7KD4D4;With_cte_HAS_Column;20230801172336;20230801172336;99991231000000;4QUE65PVUB54HAJNJ0VL4AHJJ9;1;I
Snowflake~DEFAULT~DEFAULT~CTE-FINAL-1;5OQGSS0QEPKO2IOCQOK8VUVEB;With_cte;Snowflake~DEFAULT~DEFAULT~CTE-FINAL-1~76~lifetime_value;Column;2II30F6FNPT3BTI3M2V6TR1VB;With_cte_HAS_Column;20230801172336;20230801172336;99991231000000;78HL5OOFS0J4LP8E39U4PK02N2;1;I
Snowflake~DEFAULT~DEFAULT~CTE-FINAL-1;5OQGSS0QEPKO2IOCQOK8VUVEB;With_cte;Snowflake~DEFAULT~DEFAULT~CTE-FINAL-1~75~most_recent_order_date;Column;1Q2S7C7PLUN13TL0255ODGRG50;With_cte_HAS_Column;20230801172336;20230801172336;99991231000000;2ACI8SEBANNULC622GDCHV6TRJ;1;I
Snowflake~DEFAULT~DEFAULT~CTE-FINAL-1;5OQGSS0QEPKO2IOCQOK8VUVEB;With_cte;Snowflake~DEFAULT~DEFAULT~CTE-FINAL-1~77~number_of_orders;Column;3GG7AUV5JIQ7HEKNQ8BH6GK5NV;With_cte_HAS_Column;20230801172336;20230801172336;99991231000000;4GR9R2VS2KN0CBFO8J7OQFBACC;1;I
Snowflake~DEFAULT~DEFAULT~CTE-ORDERS-1;39QBLHGLOSORL2TAQ7DLUU81F8;With_cte;Snowflake~DEFAULT~DEFAULT~CTE-ORDERS-1~33~*;Column;35SNICA0NCUKQ9RTFO6RBMVHRL;With_cte_HAS_Column;20230801172336;20230801172336;99991231000000;56F0T53R4C0NRADQROCAA011UU;1;I
Snowflake~DEFAULT~DEFAULT~CTE-ORDERS-1;39QBLHGLOSORL2TAQ7DLUU81F8;With_cte;Snowflake~DEFAULT~DEFAULT~CTE-ORDERS-1~33_3~AMOUNT;Column;13OTF7VUT2CB0V0C89A0U92AMT;With_cte_HAS_Column;20230801172336;20230801172336;99991231000000;7AO8H3HAMUCIKCG9VURECB4V58;1;I
Snowflake~DEFAULT~DEFAULT~CTE-ORDERS-1;39QBLHGLOSORL2TAQ7DLUU81F8;With_cte;Snowflake~DEFAULT~DEFAULT~CTE-ORDERS-1~33_0~CUSTOMER_ID;Column;40DMG0K1Q3D358M7U2AM3H8DJC;With_cte_HAS_Column;20230801172336;20230801172336;99991231000000;19D5LGI2RVFQKGQELU1SHIGFQ7;1;I
Snowflake~DEFAULT~DEFAULT~CTE-ORDERS-1;39QBLHGLOSORL2TAQ7DLUU81F8;With_cte;Snowflake~DEFAULT~DEFAULT~CTE-ORDERS-1~33_1~ORDER_DATE;Column;3J6QBS1N2TA4EDLPTG59PKNFAN;With_cte_HAS_Column;20230801172336;20230801172336;99991231000000;1C16K02EKD4BR6MPE893TU7QPR;1;I
Snowflake~DEFAULT~DEFAULT~CTE-ORDERS-1;39QBLHGLOSORL2TAQ7DLUU81F8;With_cte;Snowflake~DEFAULT~DEFAULT~CTE-ORDERS-1~33_2~ORDER_ID;Column;71NLVB2O5VDNTQU67HR3D7AGO2;With_cte_HAS_Column;20230801172336;20230801172336;99991231000000;IFDUA1GKI3IENOPA5985FJD7A;1;I
Snowflake~DEFAULT~DEFAULT~CTE-ORDERS-1;39QBLHGLOSORL2TAQ7DLUU81F8;With_cte;Snowflake~DEFAULT~DEFAULT~CTE-ORDERS-1~19~RelationRows;Column;3DB32S22717BNASV8MQEL7JNSE;With_cte_HAS_Column;20230801172336;20230801172336;99991231000000;269EU8NRFO0GA85DDDSA3H37KS;1;I
Snowflake~DEFAULT~DEFAULT~RS-1;5S7MO4JV3DH1C1VDKCUHGHD2GP;Select_list;Snowflake~DEFAULT~DEFAULT~RS-1~14~*;Column;4NNFSUNSI94T7ETIKKR0FFCPKN;Select_list_HAS_Column;20230801172336;20230801172336;99991231000000;1J1I81E3VPF1TKP45P1NVH64AR;1;I
Snowflake~DEFAULT~DEFAULT~RS-1;5S7MO4JV3DH1C1VDKCUHGHD2GP;Select_list;Snowflake~DEFAULT~DEFAULT~RS-1~14_1~FIRST_NAME;Column;1EPKUSPMRRBJJEJ87P8ET83HPT;Select_list_HAS_Column;20230801172336;20230801172336;99991231000000;4NINSVMVCTAK5MEVDIBBBK0BFV;1;I
Snowflake~DEFAULT~DEFAULT~RS-1;5S7MO4JV3DH1C1VDKCUHGHD2GP;Select_list;Snowflake~DEFAULT~DEFAULT~RS-1~14_2~LAST_NAME;Column;6M16DAU5149QM8HS2TR9QVEN7I;Select_list_HAS_Column;20230801172336;20230801172336;99991231000000;3PGJAAUONJKFMA6VGTSVOL8N9I;1;I
Snowflake~DEFAULT~DEFAULT~RS-1;5S7MO4JV3DH1C1VDKCUHGHD2GP;Select_list;Snowflake~DEFAULT~DEFAULT~RS-1~87~customer_id;Column;65HQUN3LPK36F5TFS1OD9AC4M2;Select_list_HAS_Column;20230801172336;20230801172336;99991231000000;5CBAJ4F52KEE93NRH49DTPMS8D;1;I
Snowflake~DEFAULT~DEFAULT~RS-2;2UFNO0IIS23283KC5MDI9RRT3Q;Select_list;Snowflake~DEFAULT~DEFAULT~RS-2~31~*;Column;3ALPATRST0K36PBGG58Q9RTE3R;Select_list_HAS_Column;20230801172336;20230801172336;99991231000000;19E2662CM0725AVPDIE0AH9PQB;1;I
Snowflake~DEFAULT~DEFAULT~RS-2;2UFNO0IIS23283KC5MDI9RRT3Q;Select_list;Snowflake~DEFAULT~DEFAULT~RS-2~31_3~AMOUNT;Column;7KP7S7RERMVESN72PE4LSRTITK;Select_list_HAS_Column;20230801172336;20230801172336;99991231000000;1J5T71ISFHUQ5CPHCN3PG7M3N5;1;I
Snowflake~DEFAULT~DEFAULT~RS-2;2UFNO0IIS23283KC5MDI9RRT3Q;Select_list;Snowflake~DEFAULT~DEFAULT~RS-2~31_0~CUSTOMER_ID;Column;6O7HU25H2DPOO9QHPQ29MKTRJI;Select_list_HAS_Column;20230801172336;20230801172336;99991231000000;3MGUHI19KFIB7OVME4MDFT5JHF;1;I
Snowflake~DEFAULT~DEFAULT~RS-2;2UFNO0IIS23283KC5MDI9RRT3Q;Select_list;Snowflake~DEFAULT~DEFAULT~RS-2~31_1~ORDER_DATE;Column;2EDQKDOISGUPV0M70GSBB5NN8D;Select_list_HAS_Column;20230801172336;20230801172336;99991231000000;4IFGKF8L86E31LSQ9A2P19A2RG;1;I
Snowflake~DEFAULT~DEFAULT~RS-2;2UFNO0IIS23283KC5MDI9RRT3Q;Select_list;Snowflake~DEFAULT~DEFAULT~RS-2~31_2~ORDER_ID;Column;1H180C02MFV0D5HQL2PMHRTU6C;Select_list_HAS_Column;20230801172336;20230801172336;99991231000000;5OJDCPS1P1UH4IJR4MTQ9FUN2Q;1;I
Snowflake~DEFAULT~DEFAULT~RS-3;2MG4KALOMJVPIVI3BB67QP73CJ;Select_list;Snowflake~DEFAULT~DEFAULT~RS-3~36~customer_id;Column;3UAM8OMQSRDT9F1G1KT3RP2E32;Select_list_HAS_Column;20230801172336;20230801172336;99991231000000;2SGSPNKR5T5UF33EPNRLA1EGAH;1;I
Snowflake~DEFAULT~DEFAULT~RS-3;2MG4KALOMJVPIVI3BB67QP73CJ;Select_list;Snowflake~DEFAULT~DEFAULT~RS-3~37~first_order_date;Column;1439MER1T46D8PMIFV1BEL5QRT;Select_list_HAS_Column;20230801172336;20230801172336;99991231000000;583CF3HEKE61J8MCBMDJQTOMKI;1;I
Snowflake~DEFAULT~DEFAULT~RS-3;2MG4KALOMJVPIVI3BB67QP73CJ;Select_list;Snowflake~DEFAULT~DEFAULT~RS-3~49~lifetime_value;Column;5H9P60FHL939QHFHPVFS18737Q;Select_list_HAS_Column;20230801172336;20230801172336;99991231000000;KGBPHC8K40K8BVGD1CU402PDC;1;I
Snowflake~DEFAULT~DEFAULT~RS-3;2MG4KALOMJVPIVI3BB67QP73CJ;Select_list;Snowflake~DEFAULT~DEFAULT~RS-3~41~most_recent_order_date;Column;2II6SU5CJV250O7N2ABSAN5COL;Select_list_HAS_Column;20230801172336;20230801172336;99991231000000;5URLJ7IPNBOEI9T8CG5SPHQNNB;1;I
Snowflake~DEFAULT~DEFAULT~RS-3;2MG4KALOMJVPIVI3BB67QP73CJ;Select_list;Snowflake~DEFAULT~DEFAULT~RS-3~45~number_of_orders;Column;2OIMPDT2DRK6IFLHHJ7V1BQ7MC;Select_list_HAS_Column;20230801172336;20230801172336;99991231000000;MI1MRPLP8VKPTGU75B8GNT1MC;1;I
Snowflake~DEFAULT~DEFAULT~RS-4;4TS64US8HOGTUBAU0VN7P9E5PC;Select_list;Snowflake~DEFAULT~DEFAULT~RS-4~58~RelationRows;Column;2Q21FA342TSSSK7M0A4H7HMRCE;Select_list_HAS_Column;20230801172336;20230801172336;99991231000000;32JRO9IODAJIA7FHG357DTOKU4;1;I
Snowflake~DEFAULT~DEFAULT~RS-4;4TS64US8HOGTUBAU0VN7P9E5PC;Select_list;Snowflake~DEFAULT~DEFAULT~RS-4~60~customer_id;Column;581QCL109IFN4KCQ9OH7P323B5;Select_list_HAS_Column;20230801172336;20230801172336;99991231000000;3O72UBA798RP27OISKN9DBGQR5;1;I
Snowflake~DEFAULT~DEFAULT~RS-4;4TS64US8HOGTUBAU0VN7P9E5PC;Select_list;Snowflake~DEFAULT~DEFAULT~RS-4~61~first_name;Column;2QSRGB8VUJ8GND57UDBI6IAEU8;Select_list_HAS_Column;20230801172336;20230801172336;99991231000000;7V508243IEKIG3MO8FU90OCC7O;1;I
Snowflake~DEFAULT~DEFAULT~RS-4;4TS64US8HOGTUBAU0VN7P9E5PC;Select_list;Snowflake~DEFAULT~DEFAULT~RS-4~63~first_order_date;Column;5ILJKO7CQG5VS9A8H5UOH3B9BO;Select_list_HAS_Column;20230801172336;20230801172336;99991231000000;618R21A0GFDENUBG5L17TD9481;1;I
Snowflake~DEFAULT~DEFAULT~RS-4;4TS64US8HOGTUBAU0VN7P9E5PC;Select_list;Snowflake~DEFAULT~DEFAULT~RS-4~62~last_name;Column;1TM0OVFGCD0UMO55G21UBO6C5;Select_list_HAS_Column;20230801172336;20230801172336;99991231000000;1NMIK49SVK6EKDBSTO0OT7385P;1;I
Snowflake~DEFAULT~DEFAULT~RS-4;4TS64US8HOGTUBAU0VN7P9E5PC;Select_list;Snowflake~DEFAULT~DEFAULT~RS-4~65~lifetime_value;Column;46DNQ90HA6RA9650E1US872SQE;Select_list_HAS_Column;20230801172336;20230801172336;99991231000000;2HQAK5239C57EQ5VNRL68MMBHV;1;I
Snowflake~DEFAULT~DEFAULT~RS-4;4TS64US8HOGTUBAU0VN7P9E5PC;Select_list;Snowflake~DEFAULT~DEFAULT~RS-4~64~most_recent_order_date;Column;3S3PO94PE191K4H3N0D0HF7H9G;Select_list_HAS_Column;20230801172336;20230801172336;99991231000000;4M3N3N85TJOJK83JP6A96FM2OO;1;I
Snowflake~DEFAULT~DEFAULT~RS-4;4TS64US8HOGTUBAU0VN7P9E5PC;Select_list;Snowflake~DEFAULT~DEFAULT~RS-4~66~number_of_orders;Column;543LVS9P6P1ORC2JVGNBS1P54A;Select_list_HAS_Column;20230801172336;20230801172336;99991231000000;3353G7S1F50RJ5G9LDVGI9V14V;1;I
Snowflake~DEFAULT~DEFAULT~RS-5;7ORITKE87CT17ECSU99IQ2KII;Select_list;Snowflake~DEFAULT~DEFAULT~RS-5~78~RelationRows;Column;1A1I4F8I95HTR3M1CS9CJR60FB;Select_list_HAS_Column;20230801172336;20230801172336;99991231000000;12JBIPIBO1VF4QI4EBA2M1VRET;1;I
Snowflake~DEFAULT~DEFAULT~RS-5;7ORITKE87CT17ECSU99IQ2KII;Select_list;Snowflake~DEFAULT~DEFAULT~RS-5~80~customer_id;Column;10TC2NV91QQ2VGBHQARTFFE8NP;Select_list_HAS_Column;20230801172336;20230801172336;99991231000000;3V6DUS2EOBJJ4DEB49K5TF2TGO;1;I
Snowflake~DEFAULT~DEFAULT~RS-5;7ORITKE87CT17ECSU99IQ2KII;Select_list;Snowflake~DEFAULT~DEFAULT~RS-5~81~first_name;Column;U21N54MCJ3Q0E270OV40L3H1O;Select_list_HAS_Column;20230801172336;20230801172336;99991231000000;2N436OMH242G4897TEGALGDFH6;1;I
Snowflake~DEFAULT~DEFAULT~RS-5;7ORITKE87CT17ECSU99IQ2KII;Select_list;Snowflake~DEFAULT~DEFAULT~RS-5~83~first_order_date;Column;2712ST54ECCNHSRHVTSUA97F6B;Select_list_HAS_Column;20230801172336;20230801172336;99991231000000;7092567VM0LE1JOJ3C6B3NDKBK;1;I
Snowflake~DEFAULT~DEFAULT~RS-5;7ORITKE87CT17ECSU99IQ2KII;Select_list;Snowflake~DEFAULT~DEFAULT~RS-5~82~last_name;Column;88TQNLS1939HKOCDPJNN89PNG;Select_list_HAS_Column;20230801172336;20230801172336;99991231000000;40TC6PG5K84KIO67FHSL97HUKJ;1;I
Snowflake~DEFAULT~DEFAULT~RS-5;7ORITKE87CT17ECSU99IQ2KII;Select_list;Snowflake~DEFAULT~DEFAULT~RS-5~85~lifetime_value;Column;3F07LTBEBL0IOHDHCEL631LSQA;Select_list_HAS_Column;20230801172336;20230801172336;99991231000000;1431V5F7VE8FHLVHJ54FPOSGBV;1;I
Snowflake~DEFAULT~DEFAULT~RS-5;7ORITKE87CT17ECSU99IQ2KII;Select_list;Snowflake~DEFAULT~DEFAULT~RS-5~84~most_recent_order_date;Column;5POASV3MA0TV0SGPID6IPNNRTC;Select_list_HAS_Column;20230801172336;20230801172336;99991231000000;7AMRJ64OU2VRIOTUOQKHAD552V;1;I
Snowflake~DEFAULT~DEFAULT~RS-5;7ORITKE87CT17ECSU99IQ2KII;Select_list;Snowflake~DEFAULT~DEFAULT~RS-5~86~number_of_orders;Column;4P1UD5LSPVTG06CMO9JL2OTU8J;Select_list_HAS_Column;20230801172336;20230801172336;99991231000000;3F8M3O3IKSQU7TQBARGGFUSO5B;1;I
Snowflake~DEFAULT~DEFAULT~COALESCE;6G2NBASI16M64VPIL93BUVUVMN;Function;Snowflake~DEFAULT~DEFAULT~COALESCE~69~coalesce;Column;7IDEHCLFPLPNFR4SAPJOFPB2LA;Function_HAS_Column;20230801172336;20230801172336;99991231000000;1E35J7TSKHCH5P837QPD07QD5D;1;I
Snowflake~DEFAULT~DEFAULT~COUNT;74R8RIFN9N7TMH93V0SHUGC9EE;Function;Snowflake~DEFAULT~DEFAULT~COUNT~48~count;Column;5VNLUVCR38TGD9DK3DMFIRJMK7;Function_HAS_Column;20230801172336;20230801172336;99991231000000;6QGTKH25C46R6SKNV7HK93IQL9;1;I
Snowflake~DEFAULT~DEFAULT~MAX;5KEJIUS5HNCLU6NOADC5G69UQP;Function;Snowflake~DEFAULT~DEFAULT~MAX~44~max;Column;441P303RPQLS85CL2071UQPNVC;Function_HAS_Column;20230801172336;20230801172336;99991231000000;5NEOROON97LCG1AI7H96FKRG22;1;I
Snowflake~DEFAULT~DEFAULT~MIN;4RRPFN04UMI0B58THQQC1TH086;Function;Snowflake~DEFAULT~DEFAULT~MIN~40~min;Column;6ABAHPM0K7VDSM9EP3EQILL2NS;Function_HAS_Column;20230801172336;20230801172336;99991231000000;4Q8KKE87IFP14Q7RM4SI9L8892;1;I
Snowflake~DEFAULT~DEFAULT~SUM;2I6JF92HSLT1BTFS5477LAJLOG;Function;Snowflake~DEFAULT~DEFAULT~SUM~52~sum;Column;3IK3CE6RAKRGVP9LSKN8B2HC8M;Function_HAS_Column;20230801172336;20230801172336;99991231000000;155NEP59I9I4B2NIHCIA9GV8CH;1;I
Snowflake~ANALYTICS;M1DQ9IN95AN7LIVS5AQJRVSC8;Database;Snowflake~ANALYTICS~DBT_GGITHIRI;Schema;6OJ1RV0RECF7TMUI7K8HU8UG0K;Database_HAS_Schema;20230801172336;20230801172336;99991231000000;479PQ45771QGJNRB4CVDKJ0NEH;1;I
Snowflake~ANALYTICS~DBT_GGITHIRI;6OJ1RV0RECF7TMUI7K8HU8UG0K;Schema;Snowflake~ANALYTICS~DBT_GGITHIRI~FCT_ORDERS;Table;16GAHFER336GTNT752TRIN3QCP;Schema_HAS_Table;20230801172336;20230801172336;99991231000000;180A5UGKNN3GR8LP4KMU3P5811;1;I
Snowflake~ANALYTICS~DBT_GGITHIRI;6OJ1RV0RECF7TMUI7K8HU8UG0K;Schema;Snowflake~ANALYTICS~DBT_GGITHIRI~STG_CUSTOMERS;Table;6OO5MJA44V1G0C6AJSB51I4SL8;Schema_HAS_Table;20230801172336;20230801172336;99991231000000;64P5HNGNAKE0E33TP39RBOEHBV;1;I
Snowflake~DEFAULT~DEFAULT~CTE-ORDERS-1~16_0~ORDER_ID;4Q1DDAA5JDA2OP823CVUUTRB1N;Column;Snowflake~DEFAULT~DEFAULT~RS-4~48~order_id;Column;7TSUG3H44OI8RJ4KL3DPSQVH6H;Column_CONNECT_TO_Column;20230801172340;20230801172340;99991231000000;74A4JKUD42V3M8CJJBR8JIN7C;1;I
Snowflake~ANALYTICS~DBT_GGITHIRI~STG_ORDERS~9~order_id;76HBRKNBGS5832OB82LSSJKPKJ;Column;Snowflake~DEFAULT~DEFAULT~RS-1~67~order_id;Column;6AL33404AENKKKAFR3QTRFI4HO;Column_CONNECT_TO_Column;20230801172340;20230801172340;99991231000000;1HM7C2TUBKF689899RO0U405QV;1;I
Snowflake~DEFAULT~DEFAULT~CTE-ORDERS-1~16_1~CUSTOMER_ID;6TEG0C1NJS6EVCDLU7SVL66DTF;Column;Snowflake~DEFAULT~DEFAULT~RS-4~49~customer_id;Column;U3ULB0T6D8NL43RAAR85DFQ67;Column_CONNECT_TO_Column;20230801172340;20230801172340;99991231000000;6HUP99KCAJNPC326PEB6H687VH;1;I
Snowflake~ANALYTICS~DBT_GGITHIRI~STG_ORDERS~10~customer_id;5I16H4G6LT8QOP7CESOJ2LT0KC;Column;Snowflake~DEFAULT~DEFAULT~RS-1~14_1~CUSTOMER_ID;Column;5IQG1H5CVMMQMCCP0P525EK9AK;Column_CONNECT_TO_Column;20230801172340;20230801172340;99991231000000;SOPNLHIC92GF18RLM3FIND3GJ;1;I
Snowflake~DEFAULT~DEFAULT~RS-1~67~order_id;6AL33404AENKKKAFR3QTRFI4HO;Column;Snowflake~DEFAULT~DEFAULT~CTE-ORDERS-1~16_0~ORDER_ID;Column;4Q1DDAA5JDA2OP823CVUUTRB1N;Column_CONNECT_TO_Column;20230801172340;20230801172340;99991231000000;6LJUDMUOB5IF3UG2FOAUAU5DNL;1;I
Snowflake~DEFAULT~DEFAULT~CTE-ORDERS-1~16_2~ORDER_DATE;12ME4J7A58P4L7DUFRO05RDH4I;Column;Snowflake~DEFAULT~DEFAULT~RS-4~50~order_date;Column;14J4QCR8QQDC11Q09HFNGDF0AB;Column_CONNECT_TO_Column;20230801172340;20230801172340;99991231000000;2600A68RI35F9ONKJB6UVAD4GG;1;I
Snowflake~ANALYTICS~DBT_GGITHIRI~STG_ORDERS~11~order_date;38JJOSEQD6FESFBBGUA0L1F83R;Column;Snowflake~DEFAULT~DEFAULT~RS-1~14_2~ORDER_DATE;Column;7T2TBOHML59F2PK783Q9IK47BN;Column_CONNECT_TO_Column;20230801172340;20230801172340;99991231000000;3SDD3N2J8OPLTUHP8S2GI2O5OG;1;I
Snowflake~DEFAULT~DEFAULT~RS-1~14_1~CUSTOMER_ID;5IQG1H5CVMMQMCCP0P525EK9AK;Column;Snowflake~DEFAULT~DEFAULT~CTE-ORDERS-1~16_1~CUSTOMER_ID;Column;6TEG0C1NJS6EVCDLU7SVL66DTF;Column_CONNECT_TO_Column;20230801172340;20230801172340;99991231000000;62EULHI5C2PGC5GR41SQ4QJ4RL;1;I
Snowflake~ANALYTICS~DBT_GGITHIRI~STG_PAYMENTS~25~order_id;4M4TBNNN0NG1FO5CJP3UTUF7A2;Column;Snowflake~DEFAULT~DEFAULT~RS-2~30_0~ORDER_ID;Column;427381TN0R2E9M16L69EJHDC6R;Column_CONNECT_TO_Column;20230801172340;20230801172340;99991231000000;1LJTVC6H4GOV62UBSTHJ0NLHEJ;1;I
Snowflake~DEFAULT~DEFAULT~COALESCE~54~coalesce;3ICGVKAEMSGVLHJUL8PVQFTAD0;Column;Snowflake~DEFAULT~DEFAULT~RS-4~51~amount;Column;422VKOTDN3TUT1UP813DDQAGH5;Column_CONNECT_TO_Column;20230801172340;20230801172340;99991231000000;7K5E3VBRAFCMVRVPQ5066GDDN8;1;I
Snowflake~DEFAULT~DEFAULT~RS-1~14_2~ORDER_DATE;7T2TBOHML59F2PK783Q9IK47BN;Column;Snowflake~DEFAULT~DEFAULT~CTE-ORDERS-1~16_2~ORDER_DATE;Column;12ME4J7A58P4L7DUFRO05RDH4I;Column_CONNECT_TO_Column;20230801172340;20230801172340;99991231000000;4UCS6T6GBMP7HVPJQN9T03PL79;1;I
Snowflake~ANALYTICS~DBT_GGITHIRI~STG_PAYMENTS~26~status;1TK90LHSUGQ2U3G3QI6M984J0Q;Column;Snowflake~DEFAULT~DEFAULT~RS-2~66~status;Column;67V93IA6E2C0M13RH4KI4UJFRO;Column_CONNECT_TO_Column;20230801172340;20230801172340;99991231000000;28FTPNEMMI6E93GUPIJ93OC9SF;1;I
Snowflake~DEFAULT~DEFAULT~RS-2~30_0~ORDER_ID;427381TN0R2E9M16L69EJHDC6R;Column;Snowflake~DEFAULT~DEFAULT~CTE-PAYMENTS-1~32_0~ORDER_ID;Column;U0TGNJS50NIOV89E01DD9V2B2;Column_CONNECT_TO_Column;20230801172340;20230801172340;99991231000000;1G4OGTU8RCHTU670O014G3SAT5;1;I
Snowflake~DEFAULT~DEFAULT~CTE-ORDER_PAYMENTS-1~45~amount;81DUM9DNUDG2H320NBQ1S651C;Column;Snowflake~DEFAULT~DEFAULT~COALESCE~54~coalesce;Column;3ICGVKAEMSGVLHJUL8PVQFTAD0;Column_CONNECT_TO_Column;20230801172340;20230801172340;99991231000000;20L30GLQ5H79HN26KC2IAJ45NK;1;I
Snowflake~ANALYTICS~DBT_GGITHIRI~STG_PAYMENTS~27~amount;JMEJQISNS3MKLLB3S8VJQQN5V;Column;Snowflake~DEFAULT~DEFAULT~RS-2~30_2~AMOUNT;Column;53N2HUMURUC65OA7CFG260BS96;Column_CONNECT_TO_Column;20230801172340;20230801172340;99991231000000;481V2T7QPHKF1KEBS5FOF7C9KL;1;I
Snowflake~DEFAULT~DEFAULT~RS-2~66~status;67V93IA6E2C0M13RH4KI4UJFRO;Column;Snowflake~DEFAULT~DEFAULT~CTE-PAYMENTS-1~32_1~STATUS;Column;41ENJR9R2CA84TEE6HSO3R5S31;Column_CONNECT_TO_Column;20230801172340;20230801172340;99991231000000;3M9PND3UOA90ULPIIJTRFV77O7;1;I
Snowflake~DEFAULT~DEFAULT~RS-2~30_2~AMOUNT;53N2HUMURUC65OA7CFG260BS96;Column;Snowflake~DEFAULT~DEFAULT~CTE-PAYMENTS-1~32_2~AMOUNT;Column;782J1KRSVV7P7Q3IQ413G0TDLD;Column_CONNECT_TO_Column;20230801172340;20230801172340;99991231000000;5OAU01MBM776LG4UDHF2STOC1G;1;I
Snowflake~ANALYTICS~DBT_GGITHIRI~STG_ORDERS~9~order_id;76HBRKNBGS5832OB82LSSJKPKJ;Column;Snowflake~DEFAULT~DEFAULT~RS-1~14~*;Column;4NNFSUNSI94T7ETIKKR0FFCPKN;Column_CONNECT_TO_Column;20230801172340;20230801172340;99991231000000;29OGM3HTPUIT4829UMCHB0JMIP;1;I
Snowflake~ANALYTICS~DBT_GGITHIRI~STG_ORDERS~10~customer_id;5I16H4G6LT8QOP7CESOJ2LT0KC;Column;Snowflake~DEFAULT~DEFAULT~RS-1~14~*;Column;4NNFSUNSI94T7ETIKKR0FFCPKN;Column_CONNECT_TO_Column;20230801172340;20230801172340;99991231000000;7M5M65LKQHK5IGTCJ1FQFK1IH3;1;I
Snowflake~ANALYTICS~DBT_GGITHIRI~STG_ORDERS~11~order_date;38JJOSEQD6FESFBBGUA0L1F83R;Column;Snowflake~DEFAULT~DEFAULT~RS-1~14~*;Column;4NNFSUNSI94T7ETIKKR0FFCPKN;Column_CONNECT_TO_Column;20230801172340;20230801172340;99991231000000;2PTVIKSNPU5C7BFCFIOM45JIV0;1;I
Snowflake~ANALYTICS~DBT_GGITHIRI~STG_ORDERS~15~*;6QD07BDGMTIA3PD677EL9FE8AG;Column;Snowflake~DEFAULT~DEFAULT~RS-1~14~*;Column;4NNFSUNSI94T7ETIKKR0FFCPKN;Column_CONNECT_TO_Column;20230801172340;20230801172340;99991231000000;3NE276NUHFO4KVNVJAI1BMHA18;1;I
Snowflake~DEFAULT~DEFAULT~RS-1~14~*;4NNFSUNSI94T7ETIKKR0FFCPKN;Column;Snowflake~DEFAULT~DEFAULT~CTE-ORDERS-1~16~*;Column;2HDMETLVDLNS1KDDJ4S1AEPBPV;Column_CONNECT_TO_Column;20230801172340;20230801172340;99991231000000;2OTRL1IOQ4V5UMQFQTPFIJME0I;1;I
Snowflake~ANALYTICS~DBT_GGITHIRI~STG_PAYMENTS~25~order_id;4M4TBNNN0NG1FO5CJP3UTUF7A2;Column;Snowflake~DEFAULT~DEFAULT~RS-2~30~*;Column;50017P9ARCJHJLIKKDAGCQV2UQ;Column_CONNECT_TO_Column;20230801172340;20230801172340;99991231000000;1DHESA784TL7RIIFIHUFG3OJH0;1;I
Snowflake~ANALYTICS~DBT_GGITHIRI~STG_PAYMENTS~26~status;1TK90LHSUGQ2U3G3QI6M984J0Q;Column;Snowflake~DEFAULT~DEFAULT~RS-2~30~*;Column;50017P9ARCJHJLIKKDAGCQV2UQ;Column_CONNECT_TO_Column;20230801172340;20230801172340;99991231000000;2JRRS4T7GKCALRKL6FMLNBNLRA;1;I
Snowflake~ANALYTICS~DBT_GGITHIRI~STG_PAYMENTS~27~amount;JMEJQISNS3MKLLB3S8VJQQN5V;Column;Snowflake~DEFAULT~DEFAULT~RS-2~30~*;Column;50017P9ARCJHJLIKKDAGCQV2UQ;Column_CONNECT_TO_Column;20230801172340;20230801172340;99991231000000;73PSVQ7ARP5URGB1MK0HBA86FH;1;I
Snowflake~ANALYTICS~DBT_GGITHIRI~STG_PAYMENTS~31~*;1DM3DM9P1AIB7M77O3BLACGJIU;Column;Snowflake~DEFAULT~DEFAULT~RS-2~30~*;Column;50017P9ARCJHJLIKKDAGCQV2UQ;Column_CONNECT_TO_Column;20230801172340;20230801172340;99991231000000;H6CGNUI4KBJ8KATB3VE2T8906;1;I
Snowflake~DEFAULT~DEFAULT~RS-2~30~*;50017P9ARCJHJLIKKDAGCQV2UQ;Column;Snowflake~DEFAULT~DEFAULT~CTE-PAYMENTS-1~32~*;Column;2LT58GPP23UV2LSAGT6AQ6H5JP;Column_CONNECT_TO_Column;20230801172340;20230801172340;99991231000000;4NND9GBI1D6LVCNC6CCQ76UG4D;1;I
Snowflake~DEFAULT~DEFAULT~CTE-PAYMENTS-1~32_0~ORDER_ID;U0TGNJS50NIOV89E01DD9V2B2;Column;Snowflake~DEFAULT~DEFAULT~RS-3~35~order_id;Column;6E502SGQMK9DMJJCSUNT56QDLP;Column_CONNECT_TO_Column;20230801172340;20230801172340;99991231000000;54HILE0C4NEDVGKFI9R9QQ93NU;1;I
Snowflake~DEFAULT~DEFAULT~SUM~39~sum;41MV5VEHNOJ2H70KF0NAFV6IF9;Column;Snowflake~DEFAULT~DEFAULT~RS-3~36~amount;Column;9TTHLRGUFBM2KTDJFD2HRVL67;Column_CONNECT_TO_Column;20230801172340;20230801172340;99991231000000;2JDOEB4FIETTPRNC7NE3OKAN0P;1;I
Snowflake~DEFAULT~DEFAULT~CASE-WHEN~42~case-when;28NGBNL3B6J8NHVEDQ9LR86EEU;Column;Snowflake~DEFAULT~DEFAULT~SUM~39~sum;Column;41MV5VEHNOJ2H70KF0NAFV6IF9;Column_CONNECT_TO_Column;20230801172340;20230801172340;99991231000000;K0VPCNA0QHVGNRRJOM30SV7DF;1;I
Snowflake~DEFAULT~DEFAULT~CTE-PAYMENTS-1~32_2~AMOUNT;782J1KRSVV7P7Q3IQ413G0TDLD;Column;Snowflake~DEFAULT~DEFAULT~CASE-WHEN~42~case-when;Column;28NGBNL3B6J8NHVEDQ9LR86EEU;Column_CONNECT_TO_Column;20230801172340;20230801172340;99991231000000;45SFP9V0HNN1KEU3ISPS8RG1P5;1;I
Snowflake~DEFAULT~DEFAULT~RS-4~48~order_id;7TSUG3H44OI8RJ4KL3DPSQVH6H;Column;Snowflake~DEFAULT~DEFAULT~CTE-FINAL-1~56~order_id;Column;38AEMHRF1VFLPVG1RIB16BIPBK;Column_CONNECT_TO_Column;20230801172340;20230801172340;99991231000000;SR38GTIFF7ROMAPLC099TF9LS;1;I
Snowflake~DEFAULT~DEFAULT~RS-4~49~customer_id;U3ULB0T6D8NL43RAAR85DFQ67;Column;Snowflake~DEFAULT~DEFAULT~CTE-FINAL-1~57~customer_id;Column;65K6EPF9AQK6G258VEUG0HT8FJ;Column_CONNECT_TO_Column;20230801172340;20230801172340;99991231000000;1P1FR06J7ADHPSR70CST6BLD2M;1;I
Snowflake~DEFAULT~DEFAULT~RS-4~50~order_date;14J4QCR8QQDC11Q09HFNGDF0AB;Column;Snowflake~DEFAULT~DEFAULT~CTE-FINAL-1~58~order_date;Column;5KRP9FSEKU9JRRM95GNGV3920;Column_CONNECT_TO_Column;20230801172340;20230801172340;99991231000000;5733S6NSLV4USKHN2DVDNU6U4E;1;I
Snowflake~DEFAULT~DEFAULT~RS-4~51~amount;422VKOTDN3TUT1UP813DDQAGH5;Column;Snowflake~DEFAULT~DEFAULT~CTE-FINAL-1~59~amount;Column;7TDU7NK8SIFJJKBJ54FO1CEOEF;Column_CONNECT_TO_Column;20230801172340;20230801172340;99991231000000;6JU6HLRHOH2B57T4N7UU8F16JG;1;I
Snowflake~DEFAULT~DEFAULT~CTE-FINAL-1~56~order_id;38AEMHRF1VFLPVG1RIB16BIPBK;Column;Snowflake~DEFAULT~DEFAULT~RS-5~62~order_id;Column;2O4EGK34Q105V2DDIL3EQFMIGT;Column_CONNECT_TO_Column;20230801172340;20230801172340;99991231000000;7M7HHB1BFR75KD7BJ01BGADEEA;1;I
Snowflake~DEFAULT~DEFAULT~CTE-FINAL-1~57~customer_id;65K6EPF9AQK6G258VEUG0HT8FJ;Column;Snowflake~DEFAULT~DEFAULT~RS-5~63~customer_id;Column;4Q6G6VK62MS83L8D5SS9QE0MH9;Column_CONNECT_TO_Column;20230801172340;20230801172340;99991231000000;1NLGO4F9A0APDI1Q4N2N8S5DEE;1;I
Snowflake~DEFAULT~DEFAULT~CTE-FINAL-1~58~order_date;5KRP9FSEKU9JRRM95GNGV3920;Column;Snowflake~DEFAULT~DEFAULT~RS-5~64~order_date;Column;5Q0LT79DKGOP4G87H5H2RJMVOV;Column_CONNECT_TO_Column;20230801172340;20230801172340;99991231000000;3E0HKP870EFLEPATE0RCC06SJ0;1;I
Snowflake~DEFAULT~DEFAULT~CTE-FINAL-1~59~amount;7TDU7NK8SIFJJKBJ54FO1CEOEF;Column;Snowflake~DEFAULT~DEFAULT~RS-5~65~amount;Column;35HG5C76R5I0D0SSRRHG0OGP3P;Column_CONNECT_TO_Column;20230801172340;20230801172340;99991231000000;6MRJ1QO1UOLOG06AFLCR8H5HAR;1;I
Snowflake~DEFAULT~DEFAULT~RS-3~35~order_id;6E502SGQMK9DMJJCSUNT56QDLP;Column;Snowflake~DEFAULT~DEFAULT~CTE-ORDER_PAYMENTS-1~44~order_id;Column;4215DHR1490L50U3SGAFH8QBC2;Column_CONNECT_TO_Column;20230801172340;20230801172340;99991231000000;2E9DNAQQ608IPVP2MNMCQTHLMG;1;I
Snowflake~DEFAULT~DEFAULT~RS-3~36~amount;9TTHLRGUFBM2KTDJFD2HRVL67;Column;Snowflake~DEFAULT~DEFAULT~CTE-ORDER_PAYMENTS-1~45~amount;Column;81DUM9DNUDG2H320NBQ1S651C;Column_CONNECT_TO_Column;20230801172340;20230801172340;99991231000000;3J5HQCUV7AHUBKV5BH5HQJKE18;1;I
Snowflake~ANALYTICS~DBT_GGITHIRI~STG_ORDERS;4MRQBC9S5G1PATILTVJTKIN639;Table;Snowflake~ANALYTICS~DBT_GGITHIRI~STG_ORDERS~15~*;Column;6QD07BDGMTIA3PD677EL9FE8AG;Table_HAS_Column;20230801172340;20230801172340;99991231000000;32AK7MGT6HE1QDO8MMKCG657UT;1;I
Snowflake~ANALYTICS~DBT_GGITHIRI~STG_ORDERS;4MRQBC9S5G1PATILTVJTKIN639;Table;Snowflake~ANALYTICS~DBT_GGITHIRI~STG_ORDERS~10~customer_id;Column;5I16H4G6LT8QOP7CESOJ2LT0KC;Table_HAS_Column;20230801172340;20230801172340;99991231000000;6VTR2P8E5H290499QEH37UM0O4;1;I
Snowflake~ANALYTICS~DBT_GGITHIRI~STG_ORDERS;4MRQBC9S5G1PATILTVJTKIN639;Table;Snowflake~ANALYTICS~DBT_GGITHIRI~STG_ORDERS~11~order_date;Column;38JJOSEQD6FESFBBGUA0L1F83R;Table_HAS_Column;20230801172340;20230801172340;99991231000000;6715M96QV14462R58T7U8MUP18;1;I
Snowflake~ANALYTICS~DBT_GGITHIRI~STG_ORDERS;4MRQBC9S5G1PATILTVJTKIN639;Table;Snowflake~ANALYTICS~DBT_GGITHIRI~STG_ORDERS~9~order_id;Column;76HBRKNBGS5832OB82LSSJKPKJ;Table_HAS_Column;20230801172340;20230801172340;99991231000000;251QQO6L230CK005M12L5JQC1V;1;I
Snowflake~ANALYTICS~DBT_GGITHIRI~STG_PAYMENTS;7JM8O7SKFJIHFCRP7AV24ESSQR;Table;Snowflake~ANALYTICS~DBT_GGITHIRI~STG_PAYMENTS~31~*;Column;1DM3DM9P1AIB7M77O3BLACGJIU;Table_HAS_Column;20230801172340;20230801172340;99991231000000;7O4GI8GODJV5R8NO63V3AMDU2R;1;I
Snowflake~ANALYTICS~DBT_GGITHIRI~STG_PAYMENTS;7JM8O7SKFJIHFCRP7AV24ESSQR;Table;Snowflake~ANALYTICS~DBT_GGITHIRI~STG_PAYMENTS~27~amount;Column;JMEJQISNS3MKLLB3S8VJQQN5V;Table_HAS_Column;20230801172340;20230801172340;99991231000000;1O9D197V9DGQ6IPG7HKCBNTO7;1;I
Snowflake~ANALYTICS~DBT_GGITHIRI~STG_PAYMENTS;7JM8O7SKFJIHFCRP7AV24ESSQR;Table;Snowflake~ANALYTICS~DBT_GGITHIRI~STG_PAYMENTS~25~order_id;Column;4M4TBNNN0NG1FO5CJP3UTUF7A2;Table_HAS_Column;20230801172340;20230801172340;99991231000000;376CDB842QA7TK06K2M5LB63OL;1;I
Snowflake~ANALYTICS~DBT_GGITHIRI~STG_PAYMENTS;7JM8O7SKFJIHFCRP7AV24ESSQR;Table;Snowflake~ANALYTICS~DBT_GGITHIRI~STG_PAYMENTS~26~status;Column;1TK90LHSUGQ2U3G3QI6M984J0Q;Table_HAS_Column;20230801172340;20230801172340;99991231000000;7JK4L3IDU9RLHN9VF622M54QUA;1;I
Snowflake~DEFAULT~DEFAULT~CTE-FINAL-1;5OQGSS0QEPKO2IOCQOK8VUVEB;With_cte;Snowflake~DEFAULT~DEFAULT~CTE-FINAL-1~1~RelationRows;Column;5OHQ1KS5I1MF0RNA2HKA3KD15M;With_cte_HAS_Column;20230801172340;20230801172340;99991231000000;4O1FJV5E00V6BOGMOR3U26UOON;1;I
Snowflake~DEFAULT~DEFAULT~CTE-FINAL-1;5OQGSS0QEPKO2IOCQOK8VUVEB;With_cte;Snowflake~DEFAULT~DEFAULT~CTE-FINAL-1~59~amount;Column;7TDU7NK8SIFJJKBJ54FO1CEOEF;With_cte_HAS_Column;20230801172340;20230801172340;99991231000000;4ECB7TQ1IKUEBLTB8BGN3KUJ1H;1;I
Snowflake~DEFAULT~DEFAULT~CTE-FINAL-1;5OQGSS0QEPKO2IOCQOK8VUVEB;With_cte;Snowflake~DEFAULT~DEFAULT~CTE-FINAL-1~57~customer_id;Column;65K6EPF9AQK6G258VEUG0HT8FJ;With_cte_HAS_Column;20230801172340;20230801172340;99991231000000;OLNMDAUJQHKQED0L1I015EQRO;1;I
Snowflake~DEFAULT~DEFAULT~CTE-FINAL-1;5OQGSS0QEPKO2IOCQOK8VUVEB;With_cte;Snowflake~DEFAULT~DEFAULT~CTE-FINAL-1~58~order_date;Column;5KRP9FSEKU9JRRM95GNGV3920;With_cte_HAS_Column;20230801172340;20230801172340;99991231000000;4N9G9VBNKF89DP60530GQBKM4D;1;I
Snowflake~DEFAULT~DEFAULT~CTE-FINAL-1;5OQGSS0QEPKO2IOCQOK8VUVEB;With_cte;Snowflake~DEFAULT~DEFAULT~CTE-FINAL-1~56~order_id;Column;38AEMHRF1VFLPVG1RIB16BIPBK;With_cte_HAS_Column;20230801172340;20230801172340;99991231000000;4OO9CTFQB10NDR1RIJGEB2NQG9;1;I
Snowflake~DEFAULT~DEFAULT~CTE-ORDERS-1;39QBLHGLOSORL2TAQ7DLUU81F8;With_cte;Snowflake~DEFAULT~DEFAULT~CTE-ORDERS-1~16~*;Column;2HDMETLVDLNS1KDDJ4S1AEPBPV;With_cte_HAS_Column;20230801172340;20230801172340;99991231000000;H5OO8RHAB1TFFD54JEPG6U925;1;I
Snowflake~DEFAULT~DEFAULT~CTE-ORDERS-1;39QBLHGLOSORL2TAQ7DLUU81F8;With_cte;Snowflake~DEFAULT~DEFAULT~CTE-ORDERS-1~16_1~CUSTOMER_ID;Column;6TEG0C1NJS6EVCDLU7SVL66DTF;With_cte_HAS_Column;20230801172340;20230801172340;99991231000000;59D77KA78M2U4S0NEUPL3E8Q1A;1;I
Snowflake~DEFAULT~DEFAULT~CTE-ORDERS-1;39QBLHGLOSORL2TAQ7DLUU81F8;With_cte;Snowflake~DEFAULT~DEFAULT~CTE-ORDERS-1~16_2~ORDER_DATE;Column;12ME4J7A58P4L7DUFRO05RDH4I;With_cte_HAS_Column;20230801172340;20230801172340;99991231000000;7ST07FL2RPR7C5BIU5HFBHRR2M;1;I
Snowflake~DEFAULT~DEFAULT~CTE-ORDERS-1;39QBLHGLOSORL2TAQ7DLUU81F8;With_cte;Snowflake~DEFAULT~DEFAULT~CTE-ORDERS-1~16_0~ORDER_ID;Column;4Q1DDAA5JDA2OP823CVUUTRB1N;With_cte_HAS_Column;20230801172340;20230801172340;99991231000000;23VC5CLM60BEQOA8VRQ6JLHK5A;1;I
Snowflake~DEFAULT~DEFAULT~CTE-ORDER_PAYMENTS-1;20JF8QI4MEQJ9MJ86MCFO05C25;With_cte;Snowflake~DEFAULT~DEFAULT~CTE-ORDER_PAYMENTS-1~45~amount;Column;81DUM9DNUDG2H320NBQ1S651C;With_cte_HAS_Column;20230801172340;20230801172340;99991231000000;621UTS2B0K17UCJVQI41QIQGAF;1;I
Snowflake~DEFAULT~DEFAULT~CTE-ORDER_PAYMENTS-1;20JF8QI4MEQJ9MJ86MCFO05C25;With_cte;Snowflake~DEFAULT~DEFAULT~CTE-ORDER_PAYMENTS-1~44~order_id;Column;4215DHR1490L50U3SGAFH8QBC2;With_cte_HAS_Column;20230801172340;20230801172340;99991231000000;3QC4GOQI44SRO9TQL1B7IFV6FN;1;I
Snowflake~DEFAULT~DEFAULT~CTE-PAYMENTS-1;JMIF9IHQ5966DOKT2JBA2UBT8;With_cte;Snowflake~DEFAULT~DEFAULT~CTE-PAYMENTS-1~32~*;Column;2LT58GPP23UV2LSAGT6AQ6H5JP;With_cte_HAS_Column;20230801172340;20230801172340;99991231000000;3NMCVE57FODJUUIQN1N7QQJB7E;1;I
Snowflake~DEFAULT~DEFAULT~CTE-PAYMENTS-1;JMIF9IHQ5966DOKT2JBA2UBT8;With_cte;Snowflake~DEFAULT~DEFAULT~CTE-PAYMENTS-1~32_2~AMOUNT;Column;782J1KRSVV7P7Q3IQ413G0TDLD;With_cte_HAS_Column;20230801172340;20230801172340;99991231000000;50BAA8OR7I6F3FE53F96BVV04O;1;I
Snowflake~DEFAULT~DEFAULT~CTE-PAYMENTS-1;JMIF9IHQ5966DOKT2JBA2UBT8;With_cte;Snowflake~DEFAULT~DEFAULT~CTE-PAYMENTS-1~32_0~ORDER_ID;Column;U0TGNJS50NIOV89E01DD9V2B2;With_cte_HAS_Column;20230801172340;20230801172340;99991231000000;7FUQ2H5IO9KUD4F3A5G4RTF5LF;1;I
Snowflake~DEFAULT~DEFAULT~CTE-PAYMENTS-1;JMIF9IHQ5966DOKT2JBA2UBT8;With_cte;Snowflake~DEFAULT~DEFAULT~CTE-PAYMENTS-1~32_1~STATUS;Column;41ENJR9R2CA84TEE6HSO3R5S31;With_cte_HAS_Column;20230801172340;20230801172340;99991231000000;5AL1EE2UCJI0717SFQCG3HJUBJ;1;I
Snowflake~DEFAULT~DEFAULT~RS-1;5S7MO4JV3DH1C1VDKCUHGHD2GP;Select_list;Snowflake~DEFAULT~DEFAULT~RS-1~14~*;Column;4NNFSUNSI94T7ETIKKR0FFCPKN;Select_list_HAS_Column;20230801172340;20230801172340;99991231000000;1J1I81E3VPF1TKP45P1NVH64AR;1;I
Snowflake~DEFAULT~DEFAULT~RS-1;5S7MO4JV3DH1C1VDKCUHGHD2GP;Select_list;Snowflake~DEFAULT~DEFAULT~RS-1~14_1~CUSTOMER_ID;Column;5IQG1H5CVMMQMCCP0P525EK9AK;Select_list_HAS_Column;20230801172340;20230801172340;99991231000000;6769S9R5TPE6I22IEJJMMF1C1P;1;I
Snowflake~DEFAULT~DEFAULT~RS-1;5S7MO4JV3DH1C1VDKCUHGHD2GP;Select_list;Snowflake~DEFAULT~DEFAULT~RS-1~14_2~ORDER_DATE;Column;7T2TBOHML59F2PK783Q9IK47BN;Select_list_HAS_Column;20230801172340;20230801172340;99991231000000;6AC20TMUO1RP4KLQNP0I0GHSF5;1;I
Snowflake~DEFAULT~DEFAULT~RS-1;5S7MO4JV3DH1C1VDKCUHGHD2GP;Select_list;Snowflake~DEFAULT~DEFAULT~RS-1~67~order_id;Column;6AL33404AENKKKAFR3QTRFI4HO;Select_list_HAS_Column;20230801172340;20230801172340;99991231000000;2CKAKU49R9FPF4GUH8E46UKTGU;1;I
Snowflake~DEFAULT~DEFAULT~RS-2;2UFNO0IIS23283KC5MDI9RRT3Q;Select_list;Snowflake~DEFAULT~DEFAULT~RS-2~30~*;Column;50017P9ARCJHJLIKKDAGCQV2UQ;Select_list_HAS_Column;20230801172340;20230801172340;99991231000000;LBB6BSBHJR46H91JC1CF6CFJV;1;I
Snowflake~DEFAULT~DEFAULT~RS-2;2UFNO0IIS23283KC5MDI9RRT3Q;Select_list;Snowflake~DEFAULT~DEFAULT~RS-2~30_2~AMOUNT;Column;53N2HUMURUC65OA7CFG260BS96;Select_list_HAS_Column;20230801172340;20230801172340;99991231000000;5FBHE4RTVRTDN243FL4JAMDKP3;1;I
Snowflake~DEFAULT~DEFAULT~RS-2;2UFNO0IIS23283KC5MDI9RRT3Q;Select_list;Snowflake~DEFAULT~DEFAULT~RS-2~30_0~ORDER_ID;Column;427381TN0R2E9M16L69EJHDC6R;Select_list_HAS_Column;20230801172340;20230801172340;99991231000000;6M42VDLFL23USUM5E69MURS0KU;1;I
Snowflake~DEFAULT~DEFAULT~RS-2;2UFNO0IIS23283KC5MDI9RRT3Q;Select_list;Snowflake~DEFAULT~DEFAULT~RS-2~66~status;Column;67V93IA6E2C0M13RH4KI4UJFRO;Select_list_HAS_Column;20230801172340;20230801172340;99991231000000;12O28TUFUS4Q4VUK16FTEBCMLD;1;I
Snowflake~DEFAULT~DEFAULT~RS-3;2MG4KALOMJVPIVI3BB67QP73CJ;Select_list;Snowflake~DEFAULT~DEFAULT~RS-3~36~amount;Column;9TTHLRGUFBM2KTDJFD2HRVL67;Select_list_HAS_Column;20230801172340;20230801172340;99991231000000;2Q58DF1N6URR0L2OK24BKCTQ5Q;1;I
Snowflake~DEFAULT~DEFAULT~RS-3;2MG4KALOMJVPIVI3BB67QP73CJ;Select_list;Snowflake~DEFAULT~DEFAULT~RS-3~35~order_id;Column;6E502SGQMK9DMJJCSUNT56QDLP;Select_list_HAS_Column;20230801172340;20230801172340;99991231000000;67PQS2VKJTVQUNH30UKS07OQ4;1;I
Snowflake~DEFAULT~DEFAULT~RS-4;4TS64US8HOGTUBAU0VN7P9E5PC;Select_list;Snowflake~DEFAULT~DEFAULT~RS-4~46~RelationRows;Column;6R6Q1PRPTD36H7NN3K76O1RT3J;Select_list_HAS_Column;20230801172340;20230801172340;99991231000000;4CTUFVUOEF9HS0KJFAQFI93VK4;1;I
Snowflake~DEFAULT~DEFAULT~RS-4;4TS64US8HOGTUBAU0VN7P9E5PC;Select_list;Snowflake~DEFAULT~DEFAULT~RS-4~51~amount;Column;422VKOTDN3TUT1UP813DDQAGH5;Select_list_HAS_Column;20230801172340;20230801172340;99991231000000;5P5N0JSSAMUBE2TTDKBCI3GMUL;1;I
Snowflake~DEFAULT~DEFAULT~RS-4;4TS64US8HOGTUBAU0VN7P9E5PC;Select_list;Snowflake~DEFAULT~DEFAULT~RS-4~49~customer_id;Column;U3ULB0T6D8NL43RAAR85DFQ67;Select_list_HAS_Column;20230801172340;20230801172340;99991231000000;36GHIDKT3P3ODKF9G88UNTINM7;1;I
Snowflake~DEFAULT~DEFAULT~RS-4;4TS64US8HOGTUBAU0VN7P9E5PC;Select_list;Snowflake~DEFAULT~DEFAULT~RS-4~50~order_date;Column;14J4QCR8QQDC11Q09HFNGDF0AB;Select_list_HAS_Column;20230801172340;20230801172340;99991231000000;6T3MA3VQ7FANJQGCG52Q60C08P;1;I
Snowflake~DEFAULT~DEFAULT~RS-4;4TS64US8HOGTUBAU0VN7P9E5PC;Select_list;Snowflake~DEFAULT~DEFAULT~RS-4~48~order_id;Column;7TSUG3H44OI8RJ4KL3DPSQVH6H;Select_list_HAS_Column;20230801172340;20230801172340;99991231000000;482OU5EK41UPL46K1NDD1PV6MF;1;I
Snowflake~DEFAULT~DEFAULT~RS-5;7ORITKE87CT17ECSU99IQ2KII;Select_list;Snowflake~DEFAULT~DEFAULT~RS-5~60~RelationRows;Column;22ULKOL0J3ISMF2GLC0FVP55B9;Select_list_HAS_Column;20230801172340;20230801172340;99991231000000;70RK786NNRUVP96FC613E6G76I;1;I
Snowflake~DEFAULT~DEFAULT~RS-5;7ORITKE87CT17ECSU99IQ2KII;Select_list;Snowflake~DEFAULT~DEFAULT~RS-5~65~amount;Column;35HG5C76R5I0D0SSRRHG0OGP3P;Select_list_HAS_Column;20230801172340;20230801172340;99991231000000;6MN0F6H741E7NKH1EJR36S1LN3;1;I
Snowflake~DEFAULT~DEFAULT~RS-5;7ORITKE87CT17ECSU99IQ2KII;Select_list;Snowflake~DEFAULT~DEFAULT~RS-5~63~customer_id;Column;4Q6G6VK62MS83L8D5SS9QE0MH9;Select_list_HAS_Column;20230801172340;20230801172340;99991231000000;5IUR3CBEB69MOH0GKGCQOKGTQ0;1;I
Snowflake~DEFAULT~DEFAULT~RS-5;7ORITKE87CT17ECSU99IQ2KII;Select_list;Snowflake~DEFAULT~DEFAULT~RS-5~64~order_date;Column;5Q0LT79DKGOP4G87H5H2RJMVOV;Select_list_HAS_Column;20230801172340;20230801172340;99991231000000;4CPNJOHRVHIOI25GVQ0KL6VDLF;1;I
Snowflake~DEFAULT~DEFAULT~RS-5;7ORITKE87CT17ECSU99IQ2KII;Select_list;Snowflake~DEFAULT~DEFAULT~RS-5~62~order_id;Column;2O4EGK34Q105V2DDIL3EQFMIGT;Select_list_HAS_Column;20230801172340;20230801172340;99991231000000;OU9TNM5MAVFOL0G5O77O7AAF;1;I
Snowflake~DEFAULT~DEFAULT~CASE-WHEN;6DJ5RJRBLDEURM05Q9UC14SL2A;Function;Snowflake~DEFAULT~DEFAULT~CASE-WHEN~42~case-when;Column;28NGBNL3B6J8NHVEDQ9LR86EEU;Function_HAS_Column;20230801172340;20230801172340;99991231000000;JSMDLKQN51PA6GEMMI12NJ4FN;1;I
Snowflake~DEFAULT~DEFAULT~COALESCE;6G2NBASI16M64VPIL93BUVUVMN;Function;Snowflake~DEFAULT~DEFAULT~COALESCE~54~coalesce;Column;3ICGVKAEMSGVLHJUL8PVQFTAD0;Function_HAS_Column;20230801172340;20230801172340;99991231000000;6IE3KD0KN4CDTUBR6MBJ6ATNF0;1;I
Snowflake~DEFAULT~DEFAULT~SUM;2I6JF92HSLT1BTFS5477LAJLOG;Function;Snowflake~DEFAULT~DEFAULT~SUM~39~sum;Column;41MV5VEHNOJ2H70KF0NAFV6IF9;Function_HAS_Column;20230801172340;20230801172340;99991231000000;5C6CL6FPMDCEITCULF4BT47G96;1;I
Snowflake~ANALYTICS;M1DQ9IN95AN7LIVS5AQJRVSC8;Database;Snowflake~ANALYTICS~DBT_GGITHIRI;Schema;6OJ1RV0RECF7TMUI7K8HU8UG0K;Database_HAS_Schema;20230801172340;20230801172340;99991231000000;479PQ45771QGJNRB4CVDKJ0NEH;1;I
Snowflake~ANALYTICS~DBT_GGITHIRI;6OJ1RV0RECF7TMUI7K8HU8UG0K;Schema;Snowflake~ANALYTICS~DBT_GGITHIRI~STG_ORDERS;Table;4MRQBC9S5G1PATILTVJTKIN639;Schema_HAS_Table;20230801172340;20230801172340;99991231000000;2NJLDVG8KTFFVJEMSU3JAFO11F;1;I
Snowflake~ANALYTICS~DBT_GGITHIRI;6OJ1RV0RECF7TMUI7K8HU8UG0K;Schema;Snowflake~ANALYTICS~DBT_GGITHIRI~STG_PAYMENTS;Table;7JM8O7SKFJIHFCRP7AV24ESSQR;Schema_HAS_Table;20230801172340;20230801172340;99991231000000;4I3SSUFB41JIB2D5A3EVV6H520;1;I
Snowflake~DEFAULT~DEFAULT~CTE-PAYMENTS-1~16_2~AMOUNT;43KJ7P7H0O8IH06K03L0618HU8;Column;Snowflake~DEFAULT~DEFAULT~CASE-WHEN~34~case-when;Column;EMPKVTJ3C51MLTGIV2CSB4N6D;Column_CONNECT_TO_Column;20230801172348;20230801172348;99991231000000;54MU5N7ETBHR94C5GJL4K9LAJN;1;I
Snowflake~ANALYTICS~DBT_GGITHIRI~STG_PAYMENTS~9~order_id;69PTHJSNJUR0DRK3UF52DKVLML;Column;Snowflake~DEFAULT~DEFAULT~RS-1~14_0~ORDER_ID;Column;4N4690C1PJFRMB6CEEJ6DMTPF9;Column_CONNECT_TO_Column;20230801172348;20230801172348;99991231000000;8LAGFJP3DRHM3U40OI8HIJOAB;1;I
Snowflake~ANALYTICS~DBT_GGITHIRI~STG_PAYMENTS~10~payment_method;1FNMNJ7L5FL7MMKPS7G8VS9FMV;Column;Snowflake~DEFAULT~DEFAULT~RS-1~61~payment_method;Column;JHKD3CT2768J6E26J5710GBFF;Column_CONNECT_TO_Column;20230801172348;20230801172348;99991231000000;4ET90DTTGB4VI39QSS3B41A25T;1;I
Snowflake~DEFAULT~DEFAULT~RS-1~14_0~ORDER_ID;4N4690C1PJFRMB6CEEJ6DMTPF9;Column;Snowflake~DEFAULT~DEFAULT~CTE-PAYMENTS-1~16_0~ORDER_ID;Column;4QQRCSBKMS50AM67E9N2ADR169;Column_CONNECT_TO_Column;20230801172348;20230801172348;99991231000000;56T8K4VCPCM5ILROPIS4THCM3E;1;I
Snowflake~DEFAULT~DEFAULT~SUM~38~sum;4L51H4B5Q4FR01KD9RL9CKUKRV;Column;Snowflake~DEFAULT~DEFAULT~RS-2~35~coupon_a;Column;59L8R6M0BSNB6LGJFB61H2P42D;Column_CONNECT_TO_Column;20230801172348;20230801172348;99991231000000;7M7U6GDA2PSOJIMPK4HO3RDSSJ;1;I
Snowflake~ANALYTICS~DBT_GGITHIRI~STG_PAYMENTS~11~amount;265GOFDUIAOEA5JEOCDCNILTPB;Column;Snowflake~DEFAULT~DEFAULT~RS-1~14_2~AMOUNT;Column;2HJNMQ3G6RDNN04EMV3MSEIBR7;Column_CONNECT_TO_Column;20230801172348;20230801172348;99991231000000;1J43TFBKVD3LJO0D1QTNH8KVSU;1;I
Snowflake~DEFAULT~DEFAULT~RS-1~61~payment_method;JHKD3CT2768J6E26J5710GBFF;Column;Snowflake~DEFAULT~DEFAULT~CTE-PAYMENTS-1~16_1~PAYMENT_METHOD;Column;5SHIFFMEE582ITDVAE6TC3MC3R;Column_CONNECT_TO_Column;20230801172348;20230801172348;99991231000000;4KHQBEFCS5TIBJOJECD3MRE37T;1;I
Snowflake~DEFAULT~DEFAULT~CASE-WHEN~41~case-when;6TRIV1DTUQ9DM5TVSOSJBSO5ER;Column;Snowflake~DEFAULT~DEFAULT~SUM~38~sum;Column;4L51H4B5Q4FR01KD9RL9CKUKRV;Column_CONNECT_TO_Column;20230801172348;20230801172348;99991231000000;5M0KH32EMPQ64J4TU538G6G6U6;1;I
Snowflake~DEFAULT~DEFAULT~RS-1~14_2~AMOUNT;2HJNMQ3G6RDNN04EMV3MSEIBR7;Column;Snowflake~DEFAULT~DEFAULT~CTE-PAYMENTS-1~16_2~AMOUNT;Column;43KJ7P7H0O8IH06K03L0618HU8;Column_CONNECT_TO_Column;20230801172348;20230801172348;99991231000000;1NN677HJNPM2HDO559TBB4JMKU;1;I
Snowflake~DEFAULT~DEFAULT~CTE-PAYMENTS-1~16_2~AMOUNT;43KJ7P7H0O8IH06K03L0618HU8;Column;Snowflake~DEFAULT~DEFAULT~CASE-WHEN~41~case-when;Column;6TRIV1DTUQ9DM5TVSOSJBSO5ER;Column_CONNECT_TO_Column;20230801172348;20230801172348;99991231000000;4Q4A7S9JOEDSQS6GAO0KRD7B9;1;I
Snowflake~DEFAULT~DEFAULT~SUM~45~sum;5BF2U1LIDFQ9T0RBJTI2ENR3F3;Column;Snowflake~DEFAULT~DEFAULT~RS-2~42~gift_card_a;Column;28RDUT95D94OA3UUE2AENBORRL;Column_CONNECT_TO_Column;20230801172348;20230801172348;99991231000000;2KUPAFQS2DRJMM6AEPA1K0KGKQ;1;I
Snowflake~ANALYTICS~DBT_GGITHIRI~STG_PAYMENTS~9~order_id;69PTHJSNJUR0DRK3UF52DKVLML;Column;Snowflake~DEFAULT~DEFAULT~RS-1~14~*;Column;4NNFSUNSI94T7ETIKKR0FFCPKN;Column_CONNECT_TO_Column;20230801172348;20230801172348;99991231000000;3LT1RQCS3D992R8GSMTV414PD5;1;I
Snowflake~ANALYTICS~DBT_GGITHIRI~STG_PAYMENTS~10~payment_method;1FNMNJ7L5FL7MMKPS7G8VS9FMV;Column;Snowflake~DEFAULT~DEFAULT~RS-1~14~*;Column;4NNFSUNSI94T7ETIKKR0FFCPKN;Column_CONNECT_TO_Column;20230801172348;20230801172348;99991231000000;6DH5O375OPBSS11GHBVKNP2SI9;1;I
Snowflake~ANALYTICS~DBT_GGITHIRI~STG_PAYMENTS~11~amount;265GOFDUIAOEA5JEOCDCNILTPB;Column;Snowflake~DEFAULT~DEFAULT~RS-1~14~*;Column;4NNFSUNSI94T7ETIKKR0FFCPKN;Column_CONNECT_TO_Column;20230801172348;20230801172348;99991231000000;5KRKTPMEUMR1DS3TM4SEKP3VKO;1;I
Snowflake~ANALYTICS~DBT_GGITHIRI~STG_PAYMENTS~15~*;13D1CV73R1IJ0TPMULRNE156NL;Column;Snowflake~DEFAULT~DEFAULT~RS-1~14~*;Column;4NNFSUNSI94T7ETIKKR0FFCPKN;Column_CONNECT_TO_Column;20230801172348;20230801172348;99991231000000;2BK01K8SM25M69KAJH28K3S5VR;1;I
Snowflake~DEFAULT~DEFAULT~RS-1~14~*;4NNFSUNSI94T7ETIKKR0FFCPKN;Column;Snowflake~DEFAULT~DEFAULT~CTE-PAYMENTS-1~16~*;Column;1JRBGG1IHMVM8VUA45DJ080OVO;Column_CONNECT_TO_Column;20230801172348;20230801172348;99991231000000;194N80MMFCVMLBPLE6BG50IT1V;1;I
Snowflake~DEFAULT~DEFAULT~CTE-PAYMENTS-1~16_0~ORDER_ID;4QQRCSBKMS50AM67E9N2ADR169;Column;Snowflake~DEFAULT~DEFAULT~RS-2~19~order_id;Column;2FPKR9E4GQOF2JIC7JBOOPDAHI;Column_CONNECT_TO_Column;20230801172348;20230801172348;99991231000000;4KMA3BI48138GREB8P513U3OGD;1;I
Snowflake~DEFAULT~DEFAULT~SUM~23~sum;2R059RFDPNE94BBU9FL6OK1JKM;Column;Snowflake~DEFAULT~DEFAULT~RS-2~20~bank_transfer_a;Column;372FB2BINCJP6934K585TNQHL6;Column_CONNECT_TO_Column;20230801172348;20230801172348;99991231000000;4RP2L9QUVB9EKVSSBU9VCQNCVB;1;I
Snowflake~DEFAULT~DEFAULT~CASE-WHEN~26~case-when;422P9T9IF5NBSD421GSPICTQEP;Column;Snowflake~DEFAULT~DEFAULT~SUM~23~sum;Column;2R059RFDPNE94BBU9FL6OK1JKM;Column_CONNECT_TO_Column;20230801172348;20230801172348;99991231000000;1OBEGVCTK42Q4L6SO9GG9CI8MR;1;I
Snowflake~DEFAULT~DEFAULT~CTE-PAYMENTS-1~16_2~AMOUNT;43KJ7P7H0O8IH06K03L0618HU8;Column;Snowflake~DEFAULT~DEFAULT~CASE-WHEN~26~case-when;Column;422P9T9IF5NBSD421GSPICTQEP;Column_CONNECT_TO_Column;20230801172348;20230801172348;99991231000000;2RLBM5F1E4767CH0VVE4O0NI7R;1;I
Snowflake~DEFAULT~DEFAULT~SUM~31~sum;4QF6786D6G7OU1B7P47LKQ6F95;Column;Snowflake~DEFAULT~DEFAULT~RS-2~28~credit_card_a;Column;2PVEIDVSIK19S1VL57VHFOM5V0;Column_CONNECT_TO_Column;20230801172348;20230801172348;99991231000000;1P3HCKQGJDRC8GR1L9UF6QE75H;1;I
Snowflake~DEFAULT~DEFAULT~CASE-WHEN~48~case-when;1LRK90H64SCV3N5FFU4NOAT66B;Column;Snowflake~DEFAULT~DEFAULT~SUM~45~sum;Column;5BF2U1LIDFQ9T0RBJTI2ENR3F3;Column_CONNECT_TO_Column;20230801172348;20230801172348;99991231000000;12J25G4NK6V7OL85I14KH8RNC6;1;I
Snowflake~DEFAULT~DEFAULT~CTE-PAYMENTS-1~16_2~AMOUNT;43KJ7P7H0O8IH06K03L0618HU8;Column;Snowflake~DEFAULT~DEFAULT~CASE-WHEN~48~case-when;Column;1LRK90H64SCV3N5FFU4NOAT66B;Column_CONNECT_TO_Column;20230801172348;20230801172348;99991231000000;6L2NSDG958KARIC3GN3I2JCU46;1;I
Snowflake~DEFAULT~DEFAULT~RS-2~19~order_id;2FPKR9E4GQOF2JIC7JBOOPDAHI;Column;Snowflake~DEFAULT~DEFAULT~CTE-FINAL-1~49~order_id;Column;46613809I8RN5DL11QFFMSEF7A;Column_CONNECT_TO_Column;20230801172348;20230801172348;99991231000000;4EDS7M1OM4H8J8A1E467RBUSUH;1;I
Snowflake~DEFAULT~DEFAULT~RS-2~20~bank_transfer_a;372FB2BINCJP6934K585TNQHL6;Column;Snowflake~DEFAULT~DEFAULT~CTE-FINAL-1~50~bank_transfer_a;Column;29UM8G83G2DSHRTHU33JEOBF5F;Column_CONNECT_TO_Column;20230801172348;20230801172348;99991231000000;1Q5SNI40HI809J6S6PIVT0J0DS;1;I
Snowflake~DEFAULT~DEFAULT~RS-2~28~credit_card_a;2PVEIDVSIK19S1VL57VHFOM5V0;Column;Snowflake~DEFAULT~DEFAULT~CTE-FINAL-1~51~credit_card_a;Column;1E06DV3NGSABN6JQR1HNPV25N0;Column_CONNECT_TO_Column;20230801172348;20230801172348;99991231000000;6KEK716NJ06JMNGKNG57T9SKGL;1;I
Snowflake~DEFAULT~DEFAULT~RS-2~35~coupon_a;59L8R6M0BSNB6LGJFB61H2P42D;Column;Snowflake~DEFAULT~DEFAULT~CTE-FINAL-1~52~coupon_a;Column;29VFK42IM0SR3TPK79V0HUTS3N;Column_CONNECT_TO_Column;20230801172348;20230801172348;99991231000000;26DGBHN380F0LFLT0AC9AHGRP0;1;I
Snowflake~DEFAULT~DEFAULT~RS-2~42~gift_card_a;28RDUT95D94OA3UUE2AENBORRL;Column;Snowflake~DEFAULT~DEFAULT~CTE-FINAL-1~53~gift_card_a;Column;4B8O3B2LKVQ88NN1LB99OT99KS;Column_CONNECT_TO_Column;20230801172348;20230801172348;99991231000000;3MDSVT1QTBQ8JJRP8RI88SB5MF;1;I
Snowflake~DEFAULT~DEFAULT~CTE-FINAL-1~49~order_id;46613809I8RN5DL11QFFMSEF7A;Column;Snowflake~DEFAULT~DEFAULT~RS-3~56~order_id;Column;59TQCSKKNDV3SO65MTN5NC243H;Column_CONNECT_TO_Column;20230801172348;20230801172348;99991231000000;7J9U6916S3UOMCBO36MO9UKJI;1;I
Snowflake~DEFAULT~DEFAULT~CTE-FINAL-1~50~bank_transfer_a;29UM8G83G2DSHRTHU33JEOBF5F;Column;Snowflake~DEFAULT~DEFAULT~RS-3~57~bank_transfer_a;Column;4FLD20MFO61J9I1I9T5183F445;Column_CONNECT_TO_Column;20230801172348;20230801172348;99991231000000;11S250VGGJJRUK5M8EJESFHOVP;1;I
Snowflake~DEFAULT~DEFAULT~CTE-FINAL-1~51~credit_card_a;1E06DV3NGSABN6JQR1HNPV25N0;Column;Snowflake~DEFAULT~DEFAULT~RS-3~58~credit_card_a;Column;4CLTGINGOVIOPGOEIENVKPPN5P;Column_CONNECT_TO_Column;20230801172348;20230801172348;99991231000000;4SUPKVBE47D166R5M9P300FNP5;1;I
Snowflake~DEFAULT~DEFAULT~CASE-WHEN~34~case-when;EMPKVTJ3C51MLTGIV2CSB4N6D;Column;Snowflake~DEFAULT~DEFAULT~SUM~31~sum;Column;4QF6786D6G7OU1B7P47LKQ6F95;Column_CONNECT_TO_Column;20230801172348;20230801172348;99991231000000;27VL4SQ9DMIFQ2SHTI5EGCNHKV;1;I
Snowflake~DEFAULT~DEFAULT~CTE-FINAL-1~52~coupon_a;29VFK42IM0SR3TPK79V0HUTS3N;Column;Snowflake~DEFAULT~DEFAULT~RS-3~59~coupon_a;Column;5NEI0T4HHTNT5M17J468HBQUBN;Column_CONNECT_TO_Column;20230801172348;20230801172348;99991231000000;57I1TUUBB6EVDBO841C0QJ4329;1;I
Snowflake~DEFAULT~DEFAULT~CTE-FINAL-1~53~gift_card_a;4B8O3B2LKVQ88NN1LB99OT99KS;Column;Snowflake~DEFAULT~DEFAULT~RS-3~60~gift_card_a;Column;4PJHA12G1DU96SF73F3Q19B0MS;Column_CONNECT_TO_Column;20230801172348;20230801172348;99991231000000;6JU4PHTBGTEL1KS839S1KDGIRM;1;I
Snowflake~ANALYTICS~DBT_GGITHIRI~STG_PAYMENTS;7JM8O7SKFJIHFCRP7AV24ESSQR;Table;Snowflake~ANALYTICS~DBT_GGITHIRI~STG_PAYMENTS~15~*;Column;13D1CV73R1IJ0TPMULRNE156NL;Table_HAS_Column;20230801172348;20230801172348;99991231000000;72NE3LEDQOPFTTSA0N35O0ERO0;1;I
Snowflake~ANALYTICS~DBT_GGITHIRI~STG_PAYMENTS;7JM8O7SKFJIHFCRP7AV24ESSQR;Table;Snowflake~ANALYTICS~DBT_GGITHIRI~STG_PAYMENTS~11~amount;Column;265GOFDUIAOEA5JEOCDCNILTPB;Table_HAS_Column;20230801172348;20230801172348;99991231000000;78OMRD2LUKQMHPNEF9HSKAA8DP;1;I
Snowflake~ANALYTICS~DBT_GGITHIRI~STG_PAYMENTS;7JM8O7SKFJIHFCRP7AV24ESSQR;Table;Snowflake~ANALYTICS~DBT_GGITHIRI~STG_PAYMENTS~9~order_id;Column;69PTHJSNJUR0DRK3UF52DKVLML;Table_HAS_Column;20230801172348;20230801172348;99991231000000;32Q8761858VU016DNNDQO8IS54;1;I
Snowflake~ANALYTICS~DBT_GGITHIRI~STG_PAYMENTS;7JM8O7SKFJIHFCRP7AV24ESSQR;Table;Snowflake~ANALYTICS~DBT_GGITHIRI~STG_PAYMENTS~10~payment_method;Column;1FNMNJ7L5FL7MMKPS7G8VS9FMV;Table_HAS_Column;20230801172348;20230801172348;99991231000000;4SJT4LJVPRLG9L2N09O76IO9H1;1;I
Snowflake~DEFAULT~DEFAULT~CTE-FINAL-1;5OQGSS0QEPKO2IOCQOK8VUVEB;With_cte;Snowflake~DEFAULT~DEFAULT~CTE-FINAL-1~50~bank_transfer_a;Column;29UM8G83G2DSHRTHU33JEOBF5F;With_cte_HAS_Column;20230801172348;20230801172348;99991231000000;7Q2LNPF9VT4GOG9M9TQS96HVB2;1;I
Snowflake~DEFAULT~DEFAULT~CTE-FINAL-1;5OQGSS0QEPKO2IOCQOK8VUVEB;With_cte;Snowflake~DEFAULT~DEFAULT~CTE-FINAL-1~52~coupon_a;Column;29VFK42IM0SR3TPK79V0HUTS3N;With_cte_HAS_Column;20230801172348;20230801172348;99991231000000;66F9TAAGD6PT8H6JBIRQE6MUK5;1;I
Snowflake~DEFAULT~DEFAULT~CTE-FINAL-1;5OQGSS0QEPKO2IOCQOK8VUVEB;With_cte;Snowflake~DEFAULT~DEFAULT~CTE-FINAL-1~51~credit_card_a;Column;1E06DV3NGSABN6JQR1HNPV25N0;With_cte_HAS_Column;20230801172348;20230801172348;99991231000000;DFJBVSOU2F8A8S2PL6PP7337N;1;I
Snowflake~DEFAULT~DEFAULT~CTE-FINAL-1;5OQGSS0QEPKO2IOCQOK8VUVEB;With_cte;Snowflake~DEFAULT~DEFAULT~CTE-FINAL-1~53~gift_card_a;Column;4B8O3B2LKVQ88NN1LB99OT99KS;With_cte_HAS_Column;20230801172348;20230801172348;99991231000000;36B277BL2S262DDQEP256GKKS0;1;I
Snowflake~DEFAULT~DEFAULT~CTE-FINAL-1;5OQGSS0QEPKO2IOCQOK8VUVEB;With_cte;Snowflake~DEFAULT~DEFAULT~CTE-FINAL-1~49~order_id;Column;46613809I8RN5DL11QFFMSEF7A;With_cte_HAS_Column;20230801172348;20230801172348;99991231000000;5R35Q9GKGB2749GM5ST802E9EL;1;I
Snowflake~DEFAULT~DEFAULT~CTE-PAYMENTS-1;JMIF9IHQ5966DOKT2JBA2UBT8;With_cte;Snowflake~DEFAULT~DEFAULT~CTE-PAYMENTS-1~16~*;Column;1JRBGG1IHMVM8VUA45DJ080OVO;With_cte_HAS_Column;20230801172348;20230801172348;99991231000000;19IL3319KI0ES4O83QC4G4TBKN;1;I
Snowflake~DEFAULT~DEFAULT~CTE-PAYMENTS-1;JMIF9IHQ5966DOKT2JBA2UBT8;With_cte;Snowflake~DEFAULT~DEFAULT~CTE-PAYMENTS-1~16_2~AMOUNT;Column;43KJ7P7H0O8IH06K03L0618HU8;With_cte_HAS_Column;20230801172348;20230801172348;99991231000000;48K7V21BD2VN3LPFD70DAO2PVH;1;I
Snowflake~DEFAULT~DEFAULT~CTE-PAYMENTS-1;JMIF9IHQ5966DOKT2JBA2UBT8;With_cte;Snowflake~DEFAULT~DEFAULT~CTE-PAYMENTS-1~16_0~ORDER_ID;Column;4QQRCSBKMS50AM67E9N2ADR169;With_cte_HAS_Column;20230801172348;20230801172348;99991231000000;1SG1N3O7CUJIV2DBEUS94OJFKR;1;I
Snowflake~DEFAULT~DEFAULT~CTE-PAYMENTS-1;JMIF9IHQ5966DOKT2JBA2UBT8;With_cte;Snowflake~DEFAULT~DEFAULT~CTE-PAYMENTS-1~16_1~PAYMENT_METHOD;Column;5SHIFFMEE582ITDVAE6TC3MC3R;With_cte_HAS_Column;20230801172348;20230801172348;99991231000000;7F8K5CHLITUEOP8CDKNSQ28S15;1;I
Snowflake~DEFAULT~DEFAULT~RS-1;5S7MO4JV3DH1C1VDKCUHGHD2GP;Select_list;Snowflake~DEFAULT~DEFAULT~RS-1~14~*;Column;4NNFSUNSI94T7ETIKKR0FFCPKN;Select_list_HAS_Column;20230801172348;20230801172348;99991231000000;1J1I81E3VPF1TKP45P1NVH64AR;1;I
Snowflake~DEFAULT~DEFAULT~RS-1;5S7MO4JV3DH1C1VDKCUHGHD2GP;Select_list;Snowflake~DEFAULT~DEFAULT~RS-1~14_2~AMOUNT;Column;2HJNMQ3G6RDNN04EMV3MSEIBR7;Select_list_HAS_Column;20230801172348;20230801172348;99991231000000;7HR526G2H43EN9UDCH23TEG2HR;1;I
Snowflake~DEFAULT~DEFAULT~RS-1;5S7MO4JV3DH1C1VDKCUHGHD2GP;Select_list;Snowflake~DEFAULT~DEFAULT~RS-1~14_0~ORDER_ID;Column;4N4690C1PJFRMB6CEEJ6DMTPF9;Select_list_HAS_Column;20230801172348;20230801172348;99991231000000;69SVHNJVN0HL8973R0H5S26AS3;1;I
Snowflake~DEFAULT~DEFAULT~RS-1;5S7MO4JV3DH1C1VDKCUHGHD2GP;Select_list;Snowflake~DEFAULT~DEFAULT~RS-1~61~payment_method;Column;JHKD3CT2768J6E26J5710GBFF;Select_list_HAS_Column;20230801172348;20230801172348;99991231000000;1D11JMFIT5MAPEKI9ITLVB0DUR;1;I
Snowflake~DEFAULT~DEFAULT~RS-2;2UFNO0IIS23283KC5MDI9RRT3Q;Select_list;Snowflake~DEFAULT~DEFAULT~RS-2~20~bank_transfer_a;Column;372FB2BINCJP6934K585TNQHL6;Select_list_HAS_Column;20230801172348;20230801172348;99991231000000;79L2INRUGLV9H793490E8NN689;1;I
Snowflake~DEFAULT~DEFAULT~RS-2;2UFNO0IIS23283KC5MDI9RRT3Q;Select_list;Snowflake~DEFAULT~DEFAULT~RS-2~35~coupon_a;Column;59L8R6M0BSNB6LGJFB61H2P42D;Select_list_HAS_Column;20230801172348;20230801172348;99991231000000;32P6JKNB7QV87G7049PM9H6NPE;1;I
Snowflake~DEFAULT~DEFAULT~RS-2;2UFNO0IIS23283KC5MDI9RRT3Q;Select_list;Snowflake~DEFAULT~DEFAULT~RS-2~28~credit_card_a;Column;2PVEIDVSIK19S1VL57VHFOM5V0;Select_list_HAS_Column;20230801172348;20230801172348;99991231000000;2V87FCRV0EPVN8Q1OSGTSDHNUI;1;I
Snowflake~DEFAULT~DEFAULT~RS-2;2UFNO0IIS23283KC5MDI9RRT3Q;Select_list;Snowflake~DEFAULT~DEFAULT~RS-2~42~gift_card_a;Column;28RDUT95D94OA3UUE2AENBORRL;Select_list_HAS_Column;20230801172348;20230801172348;99991231000000;TOILVBBFN2SJ8QBHDJEA9BSM9;1;I
Snowflake~DEFAULT~DEFAULT~RS-2;2UFNO0IIS23283KC5MDI9RRT3Q;Select_list;Snowflake~DEFAULT~DEFAULT~RS-2~19~order_id;Column;2FPKR9E4GQOF2JIC7JBOOPDAHI;Select_list_HAS_Column;20230801172348;20230801172348;99991231000000;5RT4VN9I4O7ARANQNOSRA2OSP9;1;I
Snowflake~DEFAULT~DEFAULT~RS-3;2MG4KALOMJVPIVI3BB67QP73CJ;Select_list;Snowflake~DEFAULT~DEFAULT~RS-3~57~bank_transfer_a;Column;4FLD20MFO61J9I1I9T5183F445;Select_list_HAS_Column;20230801172348;20230801172348;99991231000000;OEAU6AO9DE7QJI1KAPLU637C4;1;I
Snowflake~DEFAULT~DEFAULT~RS-3;2MG4KALOMJVPIVI3BB67QP73CJ;Select_list;Snowflake~DEFAULT~DEFAULT~RS-3~59~coupon_a;Column;5NEI0T4HHTNT5M17J468HBQUBN;Select_list_HAS_Column;20230801172348;20230801172348;99991231000000;OOH2AFIE7K5L56SKSU614MMRK;1;I
Snowflake~DEFAULT~DEFAULT~RS-3;2MG4KALOMJVPIVI3BB67QP73CJ;Select_list;Snowflake~DEFAULT~DEFAULT~RS-3~58~credit_card_a;Column;4CLTGINGOVIOPGOEIENVKPPN5P;Select_list_HAS_Column;20230801172348;20230801172348;99991231000000;23F4946R01BH4564UDP0NAV536;1;I
Snowflake~DEFAULT~DEFAULT~RS-3;2MG4KALOMJVPIVI3BB67QP73CJ;Select_list;Snowflake~DEFAULT~DEFAULT~RS-3~60~gift_card_a;Column;4PJHA12G1DU96SF73F3Q19B0MS;Select_list_HAS_Column;20230801172348;20230801172348;99991231000000;2NTMUB5K0EO8FR91FPVVJETCC8;1;I
Snowflake~DEFAULT~DEFAULT~RS-3;2MG4KALOMJVPIVI3BB67QP73CJ;Select_list;Snowflake~DEFAULT~DEFAULT~RS-3~56~order_id;Column;59TQCSKKNDV3SO65MTN5NC243H;Select_list_HAS_Column;20230801172348;20230801172348;99991231000000;6E0JQTF16V28BHV7DBH3LISJMH;1;I
Snowflake~DEFAULT~DEFAULT~CASE-WHEN;6DJ5RJRBLDEURM05Q9UC14SL2A;Function;Snowflake~DEFAULT~DEFAULT~CASE-WHEN~34~case-when;Column;EMPKVTJ3C51MLTGIV2CSB4N6D;Function_HAS_Column;20230801172348;20230801172348;99991231000000;4M0OANAQUR89PDS9F7LAQD5BOM;1;I
Snowflake~DEFAULT~DEFAULT~CASE-WHEN;6DJ5RJRBLDEURM05Q9UC14SL2A;Function;Snowflake~DEFAULT~DEFAULT~CASE-WHEN~26~case-when;Column;422P9T9IF5NBSD421GSPICTQEP;Function_HAS_Column;20230801172348;20230801172348;99991231000000;58KOVITJJMPGJSH8GC7UEPO9OV;1;I
Snowflake~DEFAULT~DEFAULT~CASE-WHEN;6DJ5RJRBLDEURM05Q9UC14SL2A;Function;Snowflake~DEFAULT~DEFAULT~CASE-WHEN~48~case-when;Column;1LRK90H64SCV3N5FFU4NOAT66B;Function_HAS_Column;20230801172348;20230801172348;99991231000000;4BC745PCJGC1I47N1IVF4HTMIP;1;I
Snowflake~DEFAULT~DEFAULT~CASE-WHEN;6DJ5RJRBLDEURM05Q9UC14SL2A;Function;Snowflake~DEFAULT~DEFAULT~CASE-WHEN~41~case-when;Column;6TRIV1DTUQ9DM5TVSOSJBSO5ER;Function_HAS_Column;20230801172348;20230801172348;99991231000000;3LH71GFR0PCITI2JQ6H6HQNQ4F;1;I
Snowflake~DEFAULT~DEFAULT~SUM;2I6JF92HSLT1BTFS5477LAJLOG;Function;Snowflake~DEFAULT~DEFAULT~SUM~23~sum;Column;2R059RFDPNE94BBU9FL6OK1JKM;Function_HAS_Column;20230801172348;20230801172348;99991231000000;16LL0FVIOT17GTDV3GPKAIC4TJ;1;I
Snowflake~DEFAULT~DEFAULT~SUM;2I6JF92HSLT1BTFS5477LAJLOG;Function;Snowflake~DEFAULT~DEFAULT~SUM~45~sum;Column;5BF2U1LIDFQ9T0RBJTI2ENR3F3;Function_HAS_Column;20230801172348;20230801172348;99991231000000;78RLRG3GC8AIBLSB8GT6KFUSVN;1;I
Snowflake~DEFAULT~DEFAULT~SUM;2I6JF92HSLT1BTFS5477LAJLOG;Function;Snowflake~DEFAULT~DEFAULT~SUM~38~sum;Column;4L51H4B5Q4FR01KD9RL9CKUKRV;Function_HAS_Column;20230801172348;20230801172348;99991231000000;5LG8KSR90BCTJQ7H95OPTM5GTE;1;I
Snowflake~DEFAULT~DEFAULT~SUM;2I6JF92HSLT1BTFS5477LAJLOG;Function;Snowflake~DEFAULT~DEFAULT~SUM~31~sum;Column;4QF6786D6G7OU1B7P47LKQ6F95;Function_HAS_Column;20230801172348;20230801172348;99991231000000;2LVDO5U3MJSDLFG75B7KK9CFB;1;I
Snowflake~ANALYTICS;M1DQ9IN95AN7LIVS5AQJRVSC8;Database;Snowflake~ANALYTICS~DBT_GGITHIRI;Schema;6OJ1RV0RECF7TMUI7K8HU8UG0K;Database_HAS_Schema;20230801172348;20230801172348;99991231000000;479PQ45771QGJNRB4CVDKJ0NEH;1;I
Snowflake~ANALYTICS~DBT_GGITHIRI;6OJ1RV0RECF7TMUI7K8HU8UG0K;Schema;Snowflake~ANALYTICS~DBT_GGITHIRI~STG_PAYMENTS;Table;7JM8O7SKFJIHFCRP7AV24ESSQR;Schema_HAS_Table;20230801172348;20230801172348;99991231000000;4I3SSUFB41JIB2D5A3EVV6H520;1;I
Snowflake~RAW~JAFFLE_SHOP~CUSTOMERS~5~id;7KJMO8IS0P2T4NP9EBR7QG61PG;Column;Snowflake~DEFAULT~DEFAULT~RS-1~10~customer_id;Column;4DFF5VAF3CVRVMJ548HDLS35RO;Column_CONNECT_TO_Column;20230801172349;20230801172349;99991231000000;36L3UEV9DHQHENRCBT9SHOPBQT;1;I
Snowflake~RAW~JAFFLE_SHOP~CUSTOMERS~6~first_name;1ST7QMV874DLF8FBR1D4RVNOJJ;Column;Snowflake~DEFAULT~DEFAULT~RS-1~11~first_name;Column;7E0BRBN5JNIND8RTP83JHPCLHH;Column_CONNECT_TO_Column;20230801172349;20230801172349;99991231000000;3QQ40HLH7GDE676AGOHV15DMB6;1;I
Snowflake~RAW~JAFFLE_SHOP~CUSTOMERS~7~last_name;7I8RIVKSEHH12EFGC554V04O6S;Column;Snowflake~DEFAULT~DEFAULT~RS-1~12~last_name;Column;B6RBKNBO5QEOIO6FKH4I5GNKG;Column_CONNECT_TO_Column;20230801172349;20230801172349;99991231000000;4I4PCOCEMS6ETC7RVF7H48HB4I;1;I
Snowflake~RAW~JAFFLE_SHOP~CUSTOMERS;4HMKFLI4KAJ1EQ321KVGDDDU67;Table;Snowflake~RAW~JAFFLE_SHOP~CUSTOMERS~6~first_name;Column;1ST7QMV874DLF8FBR1D4RVNOJJ;Table_HAS_Column;20230801172349;20230801172349;99991231000000;1109OUAGD8R7136L19T8AGKMV2;1;I
Snowflake~RAW~JAFFLE_SHOP~CUSTOMERS;4HMKFLI4KAJ1EQ321KVGDDDU67;Table;Snowflake~RAW~JAFFLE_SHOP~CUSTOMERS~5~id;Column;7KJMO8IS0P2T4NP9EBR7QG61PG;Table_HAS_Column;20230801172349;20230801172349;99991231000000;58ERGQRH9K438EQ15QGU8DU36E;1;I
Snowflake~RAW~JAFFLE_SHOP~CUSTOMERS;4HMKFLI4KAJ1EQ321KVGDDDU67;Table;Snowflake~RAW~JAFFLE_SHOP~CUSTOMERS~7~last_name;Column;7I8RIVKSEHH12EFGC554V04O6S;Table_HAS_Column;20230801172349;20230801172349;99991231000000;34CLVKLU7V3KN0K19DN5DEQAC3;1;I
Snowflake~DEFAULT~DEFAULT~RS-1;5S7MO4JV3DH1C1VDKCUHGHD2GP;Select_list;Snowflake~DEFAULT~DEFAULT~RS-1~10~customer_id;Column;4DFF5VAF3CVRVMJ548HDLS35RO;Select_list_HAS_Column;20230801172349;20230801172349;99991231000000;1OS8312BQEAH729F2SGEHK7RL0;1;I
Snowflake~DEFAULT~DEFAULT~RS-1;5S7MO4JV3DH1C1VDKCUHGHD2GP;Select_list;Snowflake~DEFAULT~DEFAULT~RS-1~11~first_name;Column;7E0BRBN5JNIND8RTP83JHPCLHH;Select_list_HAS_Column;20230801172349;20230801172349;99991231000000;1BLNP8VJR2TVK8U84D2A9A665T;1;I
Snowflake~DEFAULT~DEFAULT~RS-1;5S7MO4JV3DH1C1VDKCUHGHD2GP;Select_list;Snowflake~DEFAULT~DEFAULT~RS-1~12~last_name;Column;B6RBKNBO5QEOIO6FKH4I5GNKG;Select_list_HAS_Column;20230801172349;20230801172349;99991231000000;70UD3IAT1R1F87HVV0F00S2BJD;1;I
Snowflake~RAW;1VJTAIDKGQQNSU5K62DOEBTLJH;Database;Snowflake~RAW~JAFFLE_SHOP;Schema;79J2EG0RR93KN09NAR1T1O161G;Database_HAS_Schema;20230801172349;20230801172349;99991231000000;4KN3LDIUKVMLOD04DKCDABNN6J;1;I
Snowflake~RAW~JAFFLE_SHOP;79J2EG0RR93KN09NAR1T1O161G;Schema;Snowflake~RAW~JAFFLE_SHOP~CUSTOMERS;Table;4HMKFLI4KAJ1EQ321KVGDDDU67;Schema_HAS_Table;20230801172349;20230801172349;99991231000000;4PGTCO3CN493SEPCRVU75T62HR;1;I
Snowflake~RAW~JAFFLE_SHOP~ORDERS~5~id;29F0VRE7Q6HC2390ACP6UQ9BAO;Column;Snowflake~DEFAULT~DEFAULT~RS-1~11~order_id;Column;4KAB36G0H3QA8VNHLHBGRKGGQE;Column_CONNECT_TO_Column;20230801172351;20230801172351;99991231000000;6U0IHUAVL26RHG0JDB0562G1B5;1;I
Snowflake~RAW~JAFFLE_SHOP~ORDERS~6~user_id;64VVKP2ER1SL1BCAU3EKEBU2P1;Column;Snowflake~DEFAULT~DEFAULT~RS-1~12~customer_id;Column;3RGE77D5O8IRN3KBDMSUFRNS02;Column_CONNECT_TO_Column;20230801172351;20230801172351;99991231000000;36U1GSJG8DCDKQOK057JDNF125;1;I
Snowflake~RAW~JAFFLE_SHOP~ORDERS~7~order_date;31EO9MKLFBLB88IN0P54CV9NTE;Column;Snowflake~DEFAULT~DEFAULT~RS-1~13~order_date;Column;7S35T2LVJ8LG4AP5D0EO0AFF6R;Column_CONNECT_TO_Column;20230801172351;20230801172351;99991231000000;HR3G20PDP6L98LAUOD8B5Q1CA;1;I
Snowflake~RAW~JAFFLE_SHOP~ORDERS~8~status;39M6FB9OTNVOSFDMSU5C4JAD13;Column;Snowflake~DEFAULT~DEFAULT~RS-1~14~status;Column;198FMC7LUQLSF1NC03DM82EDB0;Column_CONNECT_TO_Column;20230801172351;20230801172351;99991231000000;12T2E4C5AE3N8VMIP01LT3CQFK;1;I
Snowflake~RAW~JAFFLE_SHOP~ORDERS;1GAE08OP9UOM3A00OBMJG6OV7J;Table;Snowflake~RAW~JAFFLE_SHOP~ORDERS~5~id;Column;29F0VRE7Q6HC2390ACP6UQ9BAO;Table_HAS_Column;20230801172351;20230801172351;99991231000000;70EL8RIJD3AP9HRB0EO4A73MQ4;1;I
Snowflake~RAW~JAFFLE_SHOP~ORDERS;1GAE08OP9UOM3A00OBMJG6OV7J;Table;Snowflake~RAW~JAFFLE_SHOP~ORDERS~7~order_date;Column;31EO9MKLFBLB88IN0P54CV9NTE;Table_HAS_Column;20230801172351;20230801172351;99991231000000;6MUB9S22BOQCFORCOAN5904K1U;1;I
Snowflake~RAW~JAFFLE_SHOP~ORDERS;1GAE08OP9UOM3A00OBMJG6OV7J;Table;Snowflake~RAW~JAFFLE_SHOP~ORDERS~8~status;Column;39M6FB9OTNVOSFDMSU5C4JAD13;Table_HAS_Column;20230801172351;20230801172351;99991231000000;25BCG753D2NUEQBRC3735C1VIB;1;I
Snowflake~RAW~JAFFLE_SHOP~ORDERS;1GAE08OP9UOM3A00OBMJG6OV7J;Table;Snowflake~RAW~JAFFLE_SHOP~ORDERS~6~user_id;Column;64VVKP2ER1SL1BCAU3EKEBU2P1;Table_HAS_Column;20230801172351;20230801172351;99991231000000;72VN9C0AR9530KTBBM0T0V4BCR;1;I
Snowflake~DEFAULT~DEFAULT~RS-1;5S7MO4JV3DH1C1VDKCUHGHD2GP;Select_list;Snowflake~DEFAULT~DEFAULT~RS-1~12~customer_id;Column;3RGE77D5O8IRN3KBDMSUFRNS02;Select_list_HAS_Column;20230801172351;20230801172351;99991231000000;7AJGIC8C8213BDA8NQQ9E4710;1;I
Snowflake~DEFAULT~DEFAULT~RS-1;5S7MO4JV3DH1C1VDKCUHGHD2GP;Select_list;Snowflake~DEFAULT~DEFAULT~RS-1~13~order_date;Column;7S35T2LVJ8LG4AP5D0EO0AFF6R;Select_list_HAS_Column;20230801172351;20230801172351;99991231000000;542DB8PG7NEQP5VOB4MADJOJ1S;1;I
Snowflake~DEFAULT~DEFAULT~RS-1;5S7MO4JV3DH1C1VDKCUHGHD2GP;Select_list;Snowflake~DEFAULT~DEFAULT~RS-1~11~order_id;Column;4KAB36G0H3QA8VNHLHBGRKGGQE;Select_list_HAS_Column;20230801172351;20230801172351;99991231000000;3UT87IPL48VUN0K3OT3RP1CGL1;1;I
Snowflake~DEFAULT~DEFAULT~RS-1;5S7MO4JV3DH1C1VDKCUHGHD2GP;Select_list;Snowflake~DEFAULT~DEFAULT~RS-1~14~status;Column;198FMC7LUQLSF1NC03DM82EDB0;Select_list_HAS_Column;20230801172351;20230801172351;99991231000000;34O54RL0FFCO7HQ6K9MOAO6TC3;1;I
Snowflake~RAW;1VJTAIDKGQQNSU5K62DOEBTLJH;Database;Snowflake~RAW~JAFFLE_SHOP;Schema;79J2EG0RR93KN09NAR1T1O161G;Database_HAS_Schema;20230801172351;20230801172351;99991231000000;4KN3LDIUKVMLOD04DKCDABNN6J;1;I
Snowflake~RAW~JAFFLE_SHOP;79J2EG0RR93KN09NAR1T1O161G;Schema;Snowflake~RAW~JAFFLE_SHOP~ORDERS;Table;1GAE08OP9UOM3A00OBMJG6OV7J;Schema_HAS_Table;20230801172351;20230801172351;99991231000000;31T6HEL2M6QT2D3FGARSESSO99;1;I
Snowflake~RAW~STRIPE~PAYMENT~5~id;172HRHBVUESG2U7BM9ESHH0QKR;Column;Snowflake~DEFAULT~DEFAULT~RS-1~13~payment_id;Column;210TBLICKTO6OAA8OLCS0FELQH;Column_CONNECT_TO_Column;20230801172353;20230801172353;99991231000000;7CANA8UIMJ486UFT1245C3RJ1C;1;I
Snowflake~RAW~STRIPE~PAYMENT~6~orderid;41OSIJDSUNBJGS65B4GU98BGRH;Column;Snowflake~DEFAULT~DEFAULT~RS-1~14~order_id;Column;13NKCJ6HBES28PLQAPC0G1J4MR;Column_CONNECT_TO_Column;20230801172353;20230801172353;99991231000000;7887PSVKSBP0PVQB8SGTPTLPSU;1;I
Snowflake~RAW~STRIPE~PAYMENT~7~paymentmethod;F76JUADDDD6LK2MCHAOO6C6BC;Column;Snowflake~DEFAULT~DEFAULT~RS-1~15~payment_method;Column;12GSU3520TFA0OLL08E3SQHG1V;Column_CONNECT_TO_Column;20230801172353;20230801172353;99991231000000;4NRRTB1BAV9IJ7G85IQF7SIAKP;1;I
Snowflake~RAW~STRIPE~PAYMENT~8~status;3264H33R44J20BGNJO0OMNPQFF;Column;Snowflake~DEFAULT~DEFAULT~RS-1~16~status;Column;7BM72U8SJELQT7IVSA59HLL03D;Column_CONNECT_TO_Column;20230801172353;20230801172353;99991231000000;41NNUDTJ1N16KVA75SOPRBKVDA;1;I
Snowflake~DEFAULT~DEFAULT~ROUND~20~round;7HCIOPCNH8J4IL2H2ABE5CT4MO;Column;Snowflake~DEFAULT~DEFAULT~RS-1~17~amount;Column;2K7BUQ9TB6KBE40U4M909Q2PA7;Column_CONNECT_TO_Column;20230801172353;20230801172353;99991231000000;C97A0CPD9UCL3GFIQ0L024KO0;1;I
Snowflake~RAW~STRIPE~PAYMENT~9~amount;T45IO3C3RKULUJ0U4FBLLE6EO;Column;Snowflake~DEFAULT~DEFAULT~ROUND~20~round;Column;7HCIOPCNH8J4IL2H2ABE5CT4MO;Column_CONNECT_TO_Column;20230801172353;20230801172353;99991231000000;15P9H818OR5PV8U750JG8RNPLO;1;I
Snowflake~RAW~STRIPE~PAYMENT~10~created;1EMSIGTT0MRT1E1I55PG732765;Column;Snowflake~DEFAULT~DEFAULT~RS-1~21~created_at;Column;67DQG3TT6HL18DRVLKM79AP3GS;Column_CONNECT_TO_Column;20230801172353;20230801172353;99991231000000;4SDSRC0JHB39B83CARN5PJIKKC;1;I
Snowflake~RAW~STRIPE~PAYMENT;649BELLVD7D5QJ6UCEBH7282S0;Table;Snowflake~RAW~STRIPE~PAYMENT~9~amount;Column;T45IO3C3RKULUJ0U4FBLLE6EO;Table_HAS_Column;20230801172353;20230801172353;99991231000000;7L9NGSKDNB1OBSUJ9JICNPUELI;1;I
Snowflake~RAW~STRIPE~PAYMENT;649BELLVD7D5QJ6UCEBH7282S0;Table;Snowflake~RAW~STRIPE~PAYMENT~10~created;Column;1EMSIGTT0MRT1E1I55PG732765;Table_HAS_Column;20230801172353;20230801172353;99991231000000;21218EHD878414R5E8TTEN13IO;1;I
Snowflake~RAW~STRIPE~PAYMENT;649BELLVD7D5QJ6UCEBH7282S0;Table;Snowflake~RAW~STRIPE~PAYMENT~5~id;Column;172HRHBVUESG2U7BM9ESHH0QKR;Table_HAS_Column;20230801172353;20230801172353;99991231000000;4QUJEO2DJ6F71D2SA00D294G4B;1;I
Snowflake~RAW~STRIPE~PAYMENT;649BELLVD7D5QJ6UCEBH7282S0;Table;Snowflake~RAW~STRIPE~PAYMENT~6~orderid;Column;41OSIJDSUNBJGS65B4GU98BGRH;Table_HAS_Column;20230801172353;20230801172353;99991231000000;5MR6GEVIJLSNVPP1G296184CEG;1;I
Snowflake~RAW~STRIPE~PAYMENT;649BELLVD7D5QJ6UCEBH7282S0;Table;Snowflake~RAW~STRIPE~PAYMENT~7~paymentmethod;Column;F76JUADDDD6LK2MCHAOO6C6BC;Table_HAS_Column;20230801172353;20230801172353;99991231000000;16H4DL74LTVNBN96GQG9PM9GDN;1;I
Snowflake~RAW~STRIPE~PAYMENT;649BELLVD7D5QJ6UCEBH7282S0;Table;Snowflake~RAW~STRIPE~PAYMENT~8~status;Column;3264H33R44J20BGNJO0OMNPQFF;Table_HAS_Column;20230801172353;20230801172353;99991231000000;77SC5EI5NDQ7RGAJ64U35F27R3;1;I
Snowflake~DEFAULT~DEFAULT~RS-1;5S7MO4JV3DH1C1VDKCUHGHD2GP;Select_list;Snowflake~DEFAULT~DEFAULT~RS-1~17~amount;Column;2K7BUQ9TB6KBE40U4M909Q2PA7;Select_list_HAS_Column;20230801172353;20230801172353;99991231000000;7EJ5QA3AARQPAS6E30HQJ0V28V;1;I
Snowflake~DEFAULT~DEFAULT~RS-1;5S7MO4JV3DH1C1VDKCUHGHD2GP;Select_list;Snowflake~DEFAULT~DEFAULT~RS-1~21~created_at;Column;67DQG3TT6HL18DRVLKM79AP3GS;Select_list_HAS_Column;20230801172353;20230801172353;99991231000000;1UEL6G7R90N6RJEDJOGQV4KH4O;1;I
Snowflake~DEFAULT~DEFAULT~RS-1;5S7MO4JV3DH1C1VDKCUHGHD2GP;Select_list;Snowflake~DEFAULT~DEFAULT~RS-1~14~order_id;Column;13NKCJ6HBES28PLQAPC0G1J4MR;Select_list_HAS_Column;20230801172353;20230801172353;99991231000000;4CFOLVULARJ13E62B9576FBM6N;1;I
Snowflake~DEFAULT~DEFAULT~RS-1;5S7MO4JV3DH1C1VDKCUHGHD2GP;Select_list;Snowflake~DEFAULT~DEFAULT~RS-1~13~payment_id;Column;210TBLICKTO6OAA8OLCS0FELQH;Select_list_HAS_Column;20230801172353;20230801172353;99991231000000;28DATA77G1BRADCBJ00O9IPDG4;1;I
Snowflake~DEFAULT~DEFAULT~RS-1;5S7MO4JV3DH1C1VDKCUHGHD2GP;Select_list;Snowflake~DEFAULT~DEFAULT~RS-1~15~payment_method;Column;12GSU3520TFA0OLL08E3SQHG1V;Select_list_HAS_Column;20230801172353;20230801172353;99991231000000;645IF8ECKD9NDHCKGM2RDOM91L;1;I
Snowflake~DEFAULT~DEFAULT~RS-1;5S7MO4JV3DH1C1VDKCUHGHD2GP;Select_list;Snowflake~DEFAULT~DEFAULT~RS-1~16~status;Column;7BM72U8SJELQT7IVSA59HLL03D;Select_list_HAS_Column;20230801172353;20230801172353;99991231000000;5OMGLHPODF6F67BA09086LB1MU;1;I
Snowflake~DEFAULT~DEFAULT~ROUND;59MRTL9VE6HUL5C43QQH15E0S0;Function;Snowflake~DEFAULT~DEFAULT~ROUND~20~round;Column;7HCIOPCNH8J4IL2H2ABE5CT4MO;Function_HAS_Column;20230801172353;20230801172353;99991231000000;21F4DU3G2D2T13R1D7OAV7U15U;1;I
Snowflake~RAW;1VJTAIDKGQQNSU5K62DOEBTLJH;Database;Snowflake~RAW~STRIPE;Schema;2HQ39B5TNCMN8SJPHPLQJ98KN4;Database_HAS_Schema;20230801172353;20230801172353;99991231000000;4JTU9OHVCTFUB77USMODGS7E4O;1;I
Snowflake~RAW~STRIPE;2HQ39B5TNCMN8SJPHPLQJ98KN4;Schema;Snowflake~RAW~STRIPE~PAYMENT;Table;649BELLVD7D5QJ6UCEBH7282S0;Schema_HAS_Table;20230801172353;20230801172353;99991231000000;7NAMVINPTOLJC0NGERPBP4QQGS;1;I
