Entity_ID;HashKey;EntityHashKey;Attribute;Value;CreateTimeStamp;EFFDT;TERMDT;Version;Status
Snowflake~ANALYTICS~DBT_GGITHIRI~FCT_ORDERS;FUA39TAKO46JA8UOQ9FIDBVHD;16GAHFER336GTNT752TRIN3QCP;coordinate;[{"hashCode":"0","x":6,"y":19},{"hashCode":"0","x":6,"y":52}];20230801172336;20230801172336;99991231000000;1;I
Snowflake~ANALYTICS~DBT_GGITHIRI~STG_CUSTOMERS;2TCGEEBFDAL4A9QTIMJML5PK3R;6OO5MJA44V1G0C6AJSB51I4SL8;coordinate;[{"hashCode":"0","x":2,"y":19},{"hashCode":"0","x":2,"y":55}];20230801172336;20230801172336;99991231000000;1;I
Snowflake~DEFAULT~DEFAULT~CTE-CUSTOMERS-1;741JCP5LUEIQOERTP9TEQN05QC;75AD4GSDM4D6O258CT9FG1MU8E;coordinate;[{"hashCode":"0","x":29,"y":10},{"hashCode":"0","x":29,"y":19}];20230801172336;20230801172336;99991231000000;1;I
Snowflake~DEFAULT~DEFAULT~CTE-CUSTOMER_ORDERS-1;34L416D2E3G5EC8LG9EJHQHLC7;5LFJVUNMTGHSHQFNFIMBSJT5HS;coordinate;[{"hashCode":"0","x":31,"y":9},{"hashCode":"0","x":31,"y":24}];20230801172336;20230801172336;99991231000000;1;I
Snowflake~DEFAULT~DEFAULT~CTE-FINAL-1;5FJBM4UTO2EB504CRVNB0AQ8R9;5OQGSS0QEPKO2IOCQOK8VUVEB;coordinate;[{"hashCode":"0","x":35,"y":15},{"hashCode":"0","x":35,"y":20}];20230801172336;20230801172336;99991231000000;1;I
Snowflake~DEFAULT~DEFAULT~CTE-ORDERS-1;67JH89D579VEFGPBACNMFTFU7G;39QBLHGLOSORL2TAQ7DLUU81F8;coordinate;[{"hashCode":"0","x":16,"y":10},{"hashCode":"0","x":16,"y":16}];20230801172336;20230801172336;99991231000000;1;I
Snowflake~DEFAULT~DEFAULT~RS-1;4VB2F7EG0S1JCO9RA9MG31JHN6;5S7MO4JV3DH1C1VDKCUHGHD2GP;coordinate;[{"hashCode":"0","x":2,"y":12},{"hashCode":"0","x":2,"y":13}];20230801172336;20230801172336;99991231000000;1;I
Snowflake~DEFAULT~DEFAULT~RS-2;PEBGUHN95924NN2OGLV2NN9UQ;2UFNO0IIS23283KC5MDI9RRT3Q;coordinate;[{"hashCode":"0","x":6,"y":12},{"hashCode":"0","x":6,"y":13}];20230801172336;20230801172336;99991231000000;1;I
Snowflake~DEFAULT~DEFAULT~RS-3;5F7R7F1OTN9H1RG1502476SVBE;2MG4KALOMJVPIVI3BB67QP73CJ;coordinate;[{"hashCode":"0","x":11,"y":9},{"hashCode":"0","x":15,"y":38}];20230801172336;20230801172336;99991231000000;1;I
Snowflake~DEFAULT~DEFAULT~RS-4;40TPFSJAAJV6I91QP2JH9QQSIV;4TS64US8HOGTUBAU0VN7P9E5PC;coordinate;[{"hashCode":"0","x":22,"y":9},{"hashCode":"0","x":28,"y":74}];20230801172336;20230801172336;99991231000000;1;I
Snowflake~DEFAULT~DEFAULT~RS-5;8181K6U8U13VGCP44KAO3L2N6;7ORITKE87CT17ECSU99IQ2KII;coordinate;[{"hashCode":"0","x":35,"y":8},{"hashCode":"0","x":35,"y":9}];20230801172336;20230801172336;99991231000000;1;I
Snowflake~DEFAULT~DEFAULT~COALESCE;3TQR5BRJ6A1C3G7TQR36IC4SV8;6G2NBASI16M64VPIL93BUVUVMN;coordinate;[{"hashCode":"0","x":28,"y":9},{"hashCode":"0","x":28,"y":54}];20230801172336;20230801172336;99991231000000;1;I
Snowflake~DEFAULT~DEFAULT~COUNT;3PCK13IHHMPVSSNNC9MBMBINOT;74R8RIFN9N7TMH93V0SHUGC9EE;coordinate;[{"hashCode":"0","x":14,"y":9},{"hashCode":"0","x":14,"y":24}];20230801172336;20230801172336;99991231000000;1;I
Snowflake~DEFAULT~DEFAULT~MAX;6FS321UEVIIKVBMH3R4PQUT0HA;5KEJIUS5HNCLU6NOADC5G69UQP;coordinate;[{"hashCode":"0","x":13,"y":9},{"hashCode":"0","x":13,"y":24}];20230801172336;20230801172336;99991231000000;1;I
Snowflake~DEFAULT~DEFAULT~MIN;37KE1J9IONSJACMI1LTVGSK60K;4RRPFN04UMI0B58THQQC1TH086;coordinate;[{"hashCode":"0","x":12,"y":9},{"hashCode":"0","x":12,"y":24}];20230801172336;20230801172336;99991231000000;1;I
Snowflake~DEFAULT~DEFAULT~SUM;152BVSMNGKP544E5MEGC3PC8KU;2I6JF92HSLT1BTFS5477LAJLOG;coordinate;[{"hashCode":"0","x":15,"y":9},{"hashCode":"0","x":15,"y":20}];20230801172336;20230801172336;99991231000000;1;I
Snowflake~ANALYTICS~DBT_GGITHIRI~FCT_ORDERS~32~*;74V7SH4BMD966R29ERENSU90IV;PO7N774GOJPB2J84Q6EC5U8ER;coordinate;[{"hashCode":"0","x":6,"y":12},{"hashCode":"0","x":6,"y":13}];20230801172336;20230801172336;99991231000000;1;I
Snowflake~ANALYTICS~DBT_GGITHIRI~FCT_ORDERS~28~amount;7BRAQ9VR6EQ6BJON9H9T021R4A;3RVOCMQ2NJC6MJAM47GIMMDKQ2;coordinate;[{"hashCode":"0","x":15,"y":13},{"hashCode":"0","x":15,"y":19}];20230801172336;20230801172336;99991231000000;1;I
Snowflake~ANALYTICS~DBT_GGITHIRI~FCT_ORDERS~25~customer_id;D8JCAT953M8KTU4PFLV4PVOD0;5F075UOUC98T1818AMP199BGNC;coordinate;[{"hashCode":"0","x":11,"y":9},{"hashCode":"0","x":11,"y":20}];20230801172336;20230801172336;99991231000000;1;I
Snowflake~ANALYTICS~DBT_GGITHIRI~FCT_ORDERS~26~order_date;25JUTMMVVHAKIS3N5A0E9ODT1C;4D7LVUF54EMFVH1HGJIKLH7HM0;coordinate;[{"hashCode":"0","x":12,"y":13},{"hashCode":"0","x":12,"y":23}];20230801172336;20230801172336;99991231000000;1;I
Snowflake~ANALYTICS~DBT_GGITHIRI~FCT_ORDERS~27~order_id;2E49K3EFL7TC2VR302J3VT4J02;4RTBMNOHC6GOV31Q6M8VSHSD17;coordinate;[{"hashCode":"0","x":14,"y":15},{"hashCode":"0","x":14,"y":23}];20230801172336;20230801172336;99991231000000;1;I
Snowflake~ANALYTICS~DBT_GGITHIRI~STG_CUSTOMERS~15~*;3I8BE3UQ1NRFJPNDSDUN4IV6OQ;2K8D5MQEPCLC979L9RPCNPS8GJ;coordinate;[{"hashCode":"0","x":2,"y":12},{"hashCode":"0","x":2,"y":13}];20230801172336;20230801172336;99991231000000;1;I
Snowflake~ANALYTICS~DBT_GGITHIRI~STG_CUSTOMERS~9~customer_id;4QERGALLSN136PL26MUM61CLH5;57UPAVRUGC6A428091D35ILQ3O;coordinate;[{"hashCode":"0","x":32,"y":12},{"hashCode":"0","x":32,"y":33}];20230801172336;20230801172336;99991231000000;1;I
Snowflake~ANALYTICS~DBT_GGITHIRI~STG_CUSTOMERS~10~first_name;1JABK2S4C4K4FRE8NDCSSQ6NVK;2C6S0Q9SLIVLSKRKR6HA1SBSCV;coordinate;[{"hashCode":"0","x":23,"y":9},{"hashCode":"0","x":23,"y":29}];20230801172336;20230801172336;99991231000000;1;I
Snowflake~ANALYTICS~DBT_GGITHIRI~STG_CUSTOMERS~11~last_name;49L31EK7E3R2MLRUEKOFVLH492;6JIJ09I6AH0QO5RU906O5GM5VS;coordinate;[{"hashCode":"0","x":24,"y":9},{"hashCode":"0","x":24,"y":28}];20230801172336;20230801172336;99991231000000;1;I
Snowflake~DEFAULT~DEFAULT~CTE-CUSTOMERS-1~16~*;74BAGDRVEQS2BT9BL0OLPE1K11;9F0QUKT7H6D3F87H4QNJLQKJ7;coordinate;[{"hashCode":"0","x":2,"y":12},{"hashCode":"0","x":2,"y":13}];20230801172336;20230801172336;99991231000000;1;I
Snowflake~DEFAULT~DEFAULT~CTE-CUSTOMERS-1~16_0~CUSTOMER_ID;2TG92RTBH5U9C0RDSKJ49S8HUM;26KUS9EUU1MO25T2VDPMJ7TMHO;coordinate;[{"hashCode":"0","x":2,"y":12},{"hashCode":"0","x":2,"y":13}];20230801172336;20230801172336;99991231000000;1;I
Snowflake~DEFAULT~DEFAULT~CTE-CUSTOMERS-1~16_1~FIRST_NAME;36CQKE480AHJ7BRJTGLF0VD24J;PE9QB9K47GFSFBPNTLN35ODHI;coordinate;[{"hashCode":"0","x":2,"y":12},{"hashCode":"0","x":2,"y":13}];20230801172336;20230801172336;99991231000000;1;I
Snowflake~DEFAULT~DEFAULT~CTE-CUSTOMERS-1~16_2~LAST_NAME;616HODLP8V592F7V5GFL16M9QF;2PGAHH00L3R1JBICMK990JDKEG;coordinate;[{"hashCode":"0","x":2,"y":12},{"hashCode":"0","x":2,"y":13}];20230801172336;20230801172336;99991231000000;1;I
Snowflake~DEFAULT~DEFAULT~CTE-CUSTOMER_ORDERS-1~53~customer_id;5UNG1EGNNVROJ5RVV5U31FODB4;M52FG5NNT2U3P5PQNT1HCBMT8;coordinate;[{"hashCode":"0","x":11,"y":9},{"hashCode":"0","x":11,"y":20}];20230801172336;20230801172336;99991231000000;1;I
Snowflake~DEFAULT~DEFAULT~CTE-CUSTOMER_ORDERS-1~54~first_order_date;5QKSCVGP9M772PJMF7SSIFJP70;1FGPPONSJACMRFEOHUP0B0B0LO;coordinate;[{"hashCode":"0","x":12,"y":9},{"hashCode":"0","x":12,"y":44}];20230801172336;20230801172336;99991231000000;1;I
Snowflake~DEFAULT~DEFAULT~CTE-CUSTOMER_ORDERS-1~57~lifetime_value;T2FRNFAGSF13ES7BS2VNPUVUQ;59MKQ7C4GIC34MFBPTJG9SFSP4;coordinate;[{"hashCode":"0","x":15,"y":9},{"hashCode":"0","x":15,"y":38}];20230801172336;20230801172336;99991231000000;1;I
Snowflake~DEFAULT~DEFAULT~CTE-CUSTOMER_ORDERS-1~55~most_recent_order_date;FIOUMSLO1Q5OI33OSE4N0ECSR;63T1HV4MV2297LDIKQ3L8U4KP4;coordinate;[{"hashCode":"0","x":13,"y":9},{"hashCode":"0","x":13,"y":50}];20230801172336;20230801172336;99991231000000;1;I
Snowflake~DEFAULT~DEFAULT~CTE-CUSTOMER_ORDERS-1~56~number_of_orders;7TE7RQ192HSKRUG9N9IA31IFF2;1U6MVRTRDBPFDUJ2P7TI5KART0;coordinate;[{"hashCode":"0","x":14,"y":9},{"hashCode":"0","x":14,"y":44}];20230801172336;20230801172336;99991231000000;1;I
Snowflake~DEFAULT~DEFAULT~CTE-FINAL-1~1~RelationRows;53QEVIE831BMVPRF5URCN8UEHB;5OHQ1KS5I1MF0RNA2HKA3KD15M;coordinate;[{"hashCode":"0","x":35,"y":15},{"hashCode":"0","x":35,"y":20}];20230801172336;20230801172336;99991231000000;1;I
Snowflake~DEFAULT~DEFAULT~CTE-FINAL-1~71~customer_id;I9GIKQRBDHSMT3QPL3TF7VMKP;1OTR7NMBE4USFHP1JMG7AQDOU6;coordinate;[{"hashCode":"0","x":22,"y":9},{"hashCode":"0","x":22,"y":30}];20230801172336;20230801172336;99991231000000;1;I
Snowflake~DEFAULT~DEFAULT~CTE-FINAL-1~72~first_name;1VG01KGV0AHBCB9BU9BP3932KS;5PF0VMAMKH73FLF9L8SSK8QHFM;coordinate;[{"hashCode":"0","x":23,"y":9},{"hashCode":"0","x":23,"y":29}];20230801172336;20230801172336;99991231000000;1;I
Snowflake~DEFAULT~DEFAULT~CTE-FINAL-1~74~first_order_date;689M58QV9E411044JVM8BD61KS;7UHQBOFEDVSE89RG5H66OGN4C;coordinate;[{"hashCode":"0","x":25,"y":9},{"hashCode":"0","x":25,"y":41}];20230801172336;20230801172336;99991231000000;1;I
Snowflake~DEFAULT~DEFAULT~CTE-FINAL-1~73~last_name;1IUFLCCQS443CDF5PJB82NH2OP;F7LHFQOOF91HACITR4H7KD4D4;coordinate;[{"hashCode":"0","x":24,"y":9},{"hashCode":"0","x":24,"y":28}];20230801172336;20230801172336;99991231000000;1;I
Snowflake~DEFAULT~DEFAULT~CTE-FINAL-1~76~lifetime_value;7U69G5H4N3KJUTPQAH399BDCPQ;2II30F6FNPT3BTI3M2V6TR1VB;coordinate;[{"hashCode":"0","x":27,"y":9},{"hashCode":"0","x":27,"y":39}];20230801172336;20230801172336;99991231000000;1;I
Snowflake~DEFAULT~DEFAULT~CTE-FINAL-1~75~most_recent_order_date;3G0PURBDU2NGUC5SJKL4655UHA;1Q2S7C7PLUN13TL0255ODGRG50;coordinate;[{"hashCode":"0","x":26,"y":9},{"hashCode":"0","x":26,"y":47}];20230801172336;20230801172336;99991231000000;1;I
Snowflake~DEFAULT~DEFAULT~CTE-FINAL-1~77~number_of_orders;60E6LENSR8UJVIQBFAQ2P48M0T;3GG7AUV5JIQ7HEKNQ8BH6GK5NV;coordinate;[{"hashCode":"0","x":28,"y":9},{"hashCode":"0","x":28,"y":74}];20230801172336;20230801172336;99991231000000;1;I
Snowflake~DEFAULT~DEFAULT~CTE-ORDERS-1~33~*;28P2UP4NOMNRAHKP0ADP0I1FJH;35SNICA0NCUKQ9RTFO6RBMVHRL;coordinate;[{"hashCode":"0","x":6,"y":12},{"hashCode":"0","x":6,"y":13}];20230801172336;20230801172336;99991231000000;1;I
Snowflake~DEFAULT~DEFAULT~CTE-ORDERS-1~33_3~AMOUNT;624V3QS1KVA2KL9P2ILMNINFP0;13OTF7VUT2CB0V0C89A0U92AMT;coordinate;[{"hashCode":"0","x":6,"y":12},{"hashCode":"0","x":6,"y":13}];20230801172336;20230801172336;99991231000000;1;I
Snowflake~DEFAULT~DEFAULT~CTE-ORDERS-1~33_0~CUSTOMER_ID;79SK0V79HPTUITPGU44SH1L1MG;40DMG0K1Q3D358M7U2AM3H8DJC;coordinate;[{"hashCode":"0","x":6,"y":12},{"hashCode":"0","x":6,"y":13}];20230801172336;20230801172336;99991231000000;1;I
Snowflake~DEFAULT~DEFAULT~CTE-ORDERS-1~33_1~ORDER_DATE;11G2B5PPGJA3GG07RKFPOLF2MP;3J6QBS1N2TA4EDLPTG59PKNFAN;coordinate;[{"hashCode":"0","x":6,"y":12},{"hashCode":"0","x":6,"y":13}];20230801172336;20230801172336;99991231000000;1;I
Snowflake~DEFAULT~DEFAULT~CTE-ORDERS-1~33_2~ORDER_ID;V7HRLHCSHD27J6ERTU5EJ5UR3;71NLVB2O5VDNTQU67HR3D7AGO2;coordinate;[{"hashCode":"0","x":6,"y":12},{"hashCode":"0","x":6,"y":13}];20230801172336;20230801172336;99991231000000;1;I
Snowflake~DEFAULT~DEFAULT~CTE-ORDERS-1~19~RelationRows;OHMOKCT0UFNQTHGQAPBMUSCBC;3DB32S22717BNASV8MQEL7JNSE;coordinate;[{"hashCode":"0","x":16,"y":10},{"hashCode":"0","x":16,"y":16}];20230801172336;20230801172336;99991231000000;1;I
Snowflake~DEFAULT~DEFAULT~RS-1~14~*;7ONB98FBLSR82SOUHJIBU1VRDN;4NNFSUNSI94T7ETIKKR0FFCPKN;coordinate;[{"hashCode":"0","x":2,"y":12},{"hashCode":"0","x":2,"y":13}];20230801172336;20230801172336;99991231000000;1;I
Snowflake~DEFAULT~DEFAULT~RS-1~14_1~FIRST_NAME;2BCI8GHU65PDJ2KR7IF18C3RH2;1EPKUSPMRRBJJEJ87P8ET83HPT;coordinate;[{"hashCode":"0","x":2,"y":12},{"hashCode":"0","x":2,"y":13}];20230801172336;20230801172336;99991231000000;1;I
Snowflake~DEFAULT~DEFAULT~RS-1~14_2~LAST_NAME;3K86PPL8OU4C21E05KH5V3ON9;6M16DAU5149QM8HS2TR9QVEN7I;coordinate;[{"hashCode":"0","x":2,"y":12},{"hashCode":"0","x":2,"y":13}];20230801172336;20230801172336;99991231000000;1;I
Snowflake~DEFAULT~DEFAULT~RS-1~87~customer_id;46LTQ30PGG018QPRPHCTSGD5TE;65HQUN3LPK36F5TFS1OD9AC4M2;coordinate;[{"hashCode":"0","x":22,"y":9},{"hashCode":"0","x":22,"y":30}];20230801172336;20230801172336;99991231000000;1;I
Snowflake~DEFAULT~DEFAULT~RS-2~31~*;7HQF6AK855H3OOG5JCCMR329RJ;3ALPATRST0K36PBGG58Q9RTE3R;coordinate;[{"hashCode":"0","x":6,"y":12},{"hashCode":"0","x":6,"y":13}];20230801172336;20230801172336;99991231000000;1;I
Snowflake~DEFAULT~DEFAULT~RS-2~31_3~AMOUNT;3C9KIGH5RT6QKRNAV2JDAL4DTP;7KP7S7RERMVESN72PE4LSRTITK;coordinate;[{"hashCode":"0","x":6,"y":12},{"hashCode":"0","x":6,"y":13}];20230801172336;20230801172336;99991231000000;1;I
Snowflake~DEFAULT~DEFAULT~RS-2~31_0~CUSTOMER_ID;68BNUQ9PEHA0S4UFF704ACB41F;6O7HU25H2DPOO9QHPQ29MKTRJI;coordinate;[{"hashCode":"0","x":6,"y":12},{"hashCode":"0","x":6,"y":13}];20230801172336;20230801172336;99991231000000;1;I
Snowflake~DEFAULT~DEFAULT~RS-2~31_1~ORDER_DATE;7K0UEUNOPHPMJCMAOHM4H4AKVH;2EDQKDOISGUPV0M70GSBB5NN8D;coordinate;[{"hashCode":"0","x":6,"y":12},{"hashCode":"0","x":6,"y":13}];20230801172336;20230801172336;99991231000000;1;I
Snowflake~DEFAULT~DEFAULT~RS-2~31_2~ORDER_ID;UJ0V08U8EI7BL6CA82TJG0E7;1H180C02MFV0D5HQL2PMHRTU6C;coordinate;[{"hashCode":"0","x":6,"y":12},{"hashCode":"0","x":6,"y":13}];20230801172336;20230801172336;99991231000000;1;I
Snowflake~DEFAULT~DEFAULT~RS-3~36~customer_id;3UOABKHVTVTKUT2NRTUAPLHMSS;3UAM8OMQSRDT9F1G1KT3RP2E32;coordinate;[{"hashCode":"0","x":11,"y":9},{"hashCode":"0","x":11,"y":20}];20230801172336;20230801172336;99991231000000;1;I
Snowflake~DEFAULT~DEFAULT~RS-3~37~first_order_date;3LCGIH2F8IJLJOPE4DMS0DRML9;1439MER1T46D8PMIFV1BEL5QRT;coordinate;[{"hashCode":"0","x":12,"y":9},{"hashCode":"0","x":12,"y":44}];20230801172336;20230801172336;99991231000000;1;I
Snowflake~DEFAULT~DEFAULT~RS-3~49~lifetime_value;67UNJDI7OAPS3F6TEA4R0ISTBH;5H9P60FHL939QHFHPVFS18737Q;coordinate;[{"hashCode":"0","x":15,"y":9},{"hashCode":"0","x":15,"y":38}];20230801172336;20230801172336;99991231000000;1;I
Snowflake~DEFAULT~DEFAULT~RS-3~41~most_recent_order_date;6PB8LE6K4DF791884NMORJ6G4G;2II6SU5CJV250O7N2ABSAN5COL;coordinate;[{"hashCode":"0","x":13,"y":9},{"hashCode":"0","x":13,"y":50}];20230801172336;20230801172336;99991231000000;1;I
Snowflake~DEFAULT~DEFAULT~RS-3~45~number_of_orders;3C91H2SLFESV2VQV2BUGAHRRJ4;2OIMPDT2DRK6IFLHHJ7V1BQ7MC;coordinate;[{"hashCode":"0","x":14,"y":9},{"hashCode":"0","x":14,"y":44}];20230801172336;20230801172336;99991231000000;1;I
Snowflake~DEFAULT~DEFAULT~RS-4~58~RelationRows;5UJ31ABLAFRRMRRP98VFR8CAOI;2Q21FA342TSSSK7M0A4H7HMRCE;coordinate;[{"hashCode":"0","x":22,"y":9},{"hashCode":"0","x":28,"y":74}];20230801172336;20230801172336;99991231000000;1;I
Snowflake~DEFAULT~DEFAULT~RS-4~60~customer_id;1LSSB2NERHDE22V1HR4H9T6O65;581QCL109IFN4KCQ9OH7P323B5;coordinate;[{"hashCode":"0","x":22,"y":9},{"hashCode":"0","x":22,"y":30}];20230801172336;20230801172336;99991231000000;1;I
Snowflake~DEFAULT~DEFAULT~RS-4~61~first_name;12SN1TGOCJJKC50F318NDRQU2L;2QSRGB8VUJ8GND57UDBI6IAEU8;coordinate;[{"hashCode":"0","x":23,"y":9},{"hashCode":"0","x":23,"y":29}];20230801172336;20230801172336;99991231000000;1;I
Snowflake~DEFAULT~DEFAULT~RS-4~63~first_order_date;3DJFHQ3AV7N8J19OS58MOOM7KB;5ILJKO7CQG5VS9A8H5UOH3B9BO;coordinate;[{"hashCode":"0","x":25,"y":9},{"hashCode":"0","x":25,"y":41}];20230801172336;20230801172336;99991231000000;1;I
Snowflake~DEFAULT~DEFAULT~RS-4~62~last_name;21GLNBOT41HK5AQRQCFS99IEJ6;1TM0OVFGCD0UMO55G21UBO6C5;coordinate;[{"hashCode":"0","x":24,"y":9},{"hashCode":"0","x":24,"y":28}];20230801172336;20230801172336;99991231000000;1;I
Snowflake~DEFAULT~DEFAULT~RS-4~65~lifetime_value;3Q904B22J2080V8CSGK7LC13BM;46DNQ90HA6RA9650E1US872SQE;coordinate;[{"hashCode":"0","x":27,"y":9},{"hashCode":"0","x":27,"y":39}];20230801172336;20230801172336;99991231000000;1;I
Snowflake~DEFAULT~DEFAULT~RS-4~64~most_recent_order_date;EKUNA7RJDDNVL6Q9N4V1U0OA3;3S3PO94PE191K4H3N0D0HF7H9G;coordinate;[{"hashCode":"0","x":26,"y":9},{"hashCode":"0","x":26,"y":47}];20230801172336;20230801172336;99991231000000;1;I
Snowflake~DEFAULT~DEFAULT~RS-4~66~number_of_orders;2DG80UNRH25VN64D3HBCPST3AU;543LVS9P6P1ORC2JVGNBS1P54A;coordinate;[{"hashCode":"0","x":28,"y":9},{"hashCode":"0","x":28,"y":74}];20230801172336;20230801172336;99991231000000;1;I
Snowflake~DEFAULT~DEFAULT~RS-5~78~RelationRows;31K0FT8E1JCM6THNBG6P9MLE3A;1A1I4F8I95HTR3M1CS9CJR60FB;coordinate;[{"hashCode":"0","x":35,"y":8},{"hashCode":"0","x":35,"y":9}];20230801172336;20230801172336;99991231000000;1;I
Snowflake~DEFAULT~DEFAULT~RS-5~80~customer_id;36OFPA16EU4RLO5V1KHSVJKCC3;10TC2NV91QQ2VGBHQARTFFE8NP;coordinate;[{"hashCode":"0","x":35,"y":8},{"hashCode":"0","x":35,"y":9}];20230801172336;20230801172336;99991231000000;1;I
Snowflake~DEFAULT~DEFAULT~RS-5~81~first_name;6D1N463BLMT23G2U04V5D4NJ16;U21N54MCJ3Q0E270OV40L3H1O;coordinate;[{"hashCode":"0","x":35,"y":8},{"hashCode":"0","x":35,"y":9}];20230801172336;20230801172336;99991231000000;1;I
Snowflake~DEFAULT~DEFAULT~RS-5~83~first_order_date;4FIO369CRP20UHOGDJNQ2U01HV;2712ST54ECCNHSRHVTSUA97F6B;coordinate;[{"hashCode":"0","x":35,"y":8},{"hashCode":"0","x":35,"y":9}];20230801172336;20230801172336;99991231000000;1;I
Snowflake~DEFAULT~DEFAULT~RS-5~82~last_name;4FU3IRFROVUCIGFQJBBJGUTF2;88TQNLS1939HKOCDPJNN89PNG;coordinate;[{"hashCode":"0","x":35,"y":8},{"hashCode":"0","x":35,"y":9}];20230801172336;20230801172336;99991231000000;1;I
Snowflake~DEFAULT~DEFAULT~RS-5~85~lifetime_value;3AL7AC4U7NHH2JNGQ5L5IIMNKJ;3F07LTBEBL0IOHDHCEL631LSQA;coordinate;[{"hashCode":"0","x":35,"y":8},{"hashCode":"0","x":35,"y":9}];20230801172336;20230801172336;99991231000000;1;I
Snowflake~DEFAULT~DEFAULT~RS-5~84~most_recent_order_date;1HKM5C7A9E59ANSTIU2GQTPM7S;5POASV3MA0TV0SGPID6IPNNRTC;coordinate;[{"hashCode":"0","x":35,"y":8},{"hashCode":"0","x":35,"y":9}];20230801172336;20230801172336;99991231000000;1;I
Snowflake~DEFAULT~DEFAULT~RS-5~86~number_of_orders;763H6NPUN8GBEEUF4UVGJ8JKF3;4P1UD5LSPVTG06CMO9JL2OTU8J;coordinate;[{"hashCode":"0","x":35,"y":8},{"hashCode":"0","x":35,"y":9}];20230801172336;20230801172336;99991231000000;1;I
Snowflake~DEFAULT~DEFAULT~COALESCE~69~coalesce;4M3ERLSEC0GECN8G99JUBD5VS6;7IDEHCLFPLPNFR4SAPJOFPB2LA;coordinate;[{"hashCode":"0","x":28,"y":9},{"hashCode":"0","x":28,"y":17}];20230801172336;20230801172336;99991231000000;1;I
Snowflake~DEFAULT~DEFAULT~COUNT~48~count;4GPURCPO8L7IC27RACJ7ILL1QO;5VNLUVCR38TGD9DK3DMFIRJMK7;coordinate;[{"hashCode":"0","x":14,"y":9},{"hashCode":"0","x":14,"y":14}];20230801172336;20230801172336;99991231000000;1;I
Snowflake~DEFAULT~DEFAULT~MAX~44~max;4DAD0PO1G4HBRHTCNPKJES5G42;441P303RPQLS85CL2071UQPNVC;coordinate;[{"hashCode":"0","x":13,"y":9},{"hashCode":"0","x":13,"y":12}];20230801172336;20230801172336;99991231000000;1;I
Snowflake~DEFAULT~DEFAULT~MIN~40~min;433Q98UTF39SUKT8S35I27RNPF;6ABAHPM0K7VDSM9EP3EQILL2NS;coordinate;[{"hashCode":"0","x":12,"y":9},{"hashCode":"0","x":12,"y":12}];20230801172336;20230801172336;99991231000000;1;I
Snowflake~DEFAULT~DEFAULT~SUM~52~sum;78K49Q4VFTA15TKQP0U2CNU8OD;3IK3CE6RAKRGVP9LSKN8B2HC8M;coordinate;[{"hashCode":"0","x":15,"y":9},{"hashCode":"0","x":15,"y":12}];20230801172336;20230801172336;99991231000000;1;I
Snowflake~DEFAULT~DEFAULT~RS-3~36~customer_id;4HIU0UETQCMSB37S4JVV6S1HPV;3UAM8OMQSRDT9F1G1KT3RP2E32;Snipets;        customer_id,;20230801172336;20230801172336;99991231000000;1;I
Snowflake~DEFAULT~DEFAULT~RS-4~64~most_recent_order_date;4BSJD1D53EUINFHALJMNQEUM57;3S3PO94PE191K4H3N0D0HF7H9G;Snipets;        customer_orders.most_recent_order_date,;20230801172336;20230801172336;99991231000000;1;I
Snowflake~DEFAULT~DEFAULT~CTE-ORDERS-1~33_0~CUSTOMER_ID;194HSN8NIIGKLAFBA2JMJD2E94;40DMG0K1Q3D358M7U2AM3H8DJC;Snipets;    select * from analytics.DBT_GGITHIRI.fct_orders;20230801172336;20230801172336;99991231000000;1;I
Snowflake~DEFAULT~DEFAULT~MAX~44~max;3KQOGMUBPSKDKTLUPTU2OG4UG9;441P303RPQLS85CL2071UQPNVC;Snipets;        max(order_date) as most_recent_order_date,;20230801172336;20230801172336;99991231000000;1;I
Snowflake~DEFAULT~DEFAULT~CTE-FINAL-1~72~first_name;3PVI5PL1RGVHFR65FN4B3JJTPD;5PF0VMAMKH73FLF9L8SSK8QHFM;Snipets;        customers.first_name,;20230801172336;20230801172336;99991231000000;1;I
Snowflake~DEFAULT~DEFAULT~RS-1~14_2~LAST_NAME;6DO2MD69IP5H0ECLCJBQSBSL93;6M16DAU5149QM8HS2TR9QVEN7I;Snipets;    select * from analytics.DBT_GGITHIRI.stg_customers;20230801172336;20230801172336;99991231000000;1;I
Snowflake~DEFAULT~DEFAULT~CTE-FINAL-1~75~most_recent_order_date;5NDKJM98UIR7PT5A6BAOFOCF33;1Q2S7C7PLUN13TL0255ODGRG50;Snipets;        customer_orders.most_recent_order_date,;20230801172336;20230801172336;99991231000000;1;I
Snowflake~DEFAULT~DEFAULT~RS-5~78~RelationRows;6RCH6G4MMN4H4KGKL86AVO9NRN;1A1I4F8I95HTR3M1CS9CJR60FB;Snipets;select * from final;20230801172336;20230801172336;99991231000000;1;I
Snowflake~DEFAULT~DEFAULT~CTE-CUSTOMER_ORDERS-1~56~number_of_orders;68KRHN1R9TC29NLL5LF9ESH1R4;1U6MVRTRDBPFDUJ2P7TI5KART0;Snipets;        count(order_id) as number_of_orders,;20230801172336;20230801172336;99991231000000;1;I
Snowflake~DEFAULT~DEFAULT~RS-3~45~number_of_orders;78Q92C5FEHQ5856HKCFDN8GPNE;2OIMPDT2DRK6IFLHHJ7V1BQ7MC;Snipets;        count(order_id) as number_of_orders,;20230801172336;20230801172336;99991231000000;1;I
Snowflake~ANALYTICS~DBT_GGITHIRI~FCT_ORDERS;38C10H5MQ6CJTFKSHKFQMM2B5D;16GAHFER336GTNT752TRIN3QCP;Snipets;    select * from analytics.DBT_GGITHIRI.fct_orders;20230801172336;20230801172336;99991231000000;1;I
Snowflake~ANALYTICS~DBT_GGITHIRI~FCT_ORDERS~25~customer_id;320KI2J99PREJHBJDF3CH6SOF6;5F075UOUC98T1818AMP199BGNC;Snipets;        customer_id,;20230801172336;20230801172336;99991231000000;1;I
Snowflake~ANALYTICS~DBT_GGITHIRI~STG_CUSTOMERS;59A0L49MU2E2FOG5Q9ON1K9UIM;6OO5MJA44V1G0C6AJSB51I4SL8;Snipets;    select * from analytics.DBT_GGITHIRI.stg_customers;20230801172336;20230801172336;99991231000000;1;I
Snowflake~DEFAULT~DEFAULT~RS-5~80~customer_id;1JFCRAFDMGAPVIGR1RR6R9SGAH;10TC2NV91QQ2VGBHQARTFFE8NP;Snipets;select * from final;20230801172336;20230801172336;99991231000000;1;I
Snowflake~DEFAULT~DEFAULT~CTE-ORDERS-1;482UFEKP30LUS6D59QUOGSNV5C;39QBLHGLOSORL2TAQ7DLUU81F8;Snipets;    from orders;20230801172336;20230801172336;99991231000000;1;I
Snowflake~DEFAULT~DEFAULT~RS-1~14~*;48OQ9DMDT0SNQO78C6S9Q49JHH;4NNFSUNSI94T7ETIKKR0FFCPKN;Snipets;    select * from analytics.DBT_GGITHIRI.stg_customers;20230801172336;20230801172336;99991231000000;1;I
Snowflake~ANALYTICS~DBT_GGITHIRI~FCT_ORDERS~27~order_id;7IOG8LQKU9V41CGKH1RH1DUPNT;4RTBMNOHC6GOV31Q6M8VSHSD17;Snipets;        count(order_id) as number_of_orders,;20230801172336;20230801172336;99991231000000;1;I
Snowflake~ANALYTICS~DBT_GGITHIRI~STG_CUSTOMERS~15~*;5VN8H6ICJ1IHB9SG1ONBAAIF03;2K8D5MQEPCLC979L9RPCNPS8GJ;Snipets;    select * from analytics.DBT_GGITHIRI.stg_customers;20230801172336;20230801172336;99991231000000;1;I
Snowflake~DEFAULT~DEFAULT~RS-5~84~most_recent_order_date;65924702HBKA96J0J56BBLNUM9;5POASV3MA0TV0SGPID6IPNNRTC;Snipets;select * from final;20230801172336;20230801172336;99991231000000;1;I
Snowflake~DEFAULT~DEFAULT~RS-4;3LP2MRCS9ONPJJO25DE04QKPKO;4TS64US8HOGTUBAU0VN7P9E5PC;Snipets;        customers.customer_id,;20230801172336;20230801172336;99991231000000;1;I
Snowflake~DEFAULT~DEFAULT~RS-5;3PHCOBUKJ3VBGUQ2TIS345TM7T;7ORITKE87CT17ECSU99IQ2KII;Snipets;select * from final;20230801172336;20230801172336;99991231000000;1;I
Snowflake~DEFAULT~DEFAULT~RS-5~83~first_order_date;4JVLJAIHBIH4RQ3LNQ3A05EAOA;2712ST54ECCNHSRHVTSUA97F6B;Snipets;select * from final;20230801172336;20230801172336;99991231000000;1;I
Snowflake~DEFAULT~DEFAULT~RS-2;7GF18B5P9GNU90MLQ5MRO53JQI;2UFNO0IIS23283KC5MDI9RRT3Q;Snipets;    select * from analytics.DBT_GGITHIRI.fct_orders;20230801172336;20230801172336;99991231000000;1;I
Snowflake~DEFAULT~DEFAULT~CTE-FINAL-1~73~last_name;4VU2P4O1C47DUSGHANO2LN3IC0;F7LHFQOOF91HACITR4H7KD4D4;Snipets;        customers.last_name,;20230801172336;20230801172336;99991231000000;1;I
Snowflake~DEFAULT~DEFAULT~RS-1~14_1~FIRST_NAME;3DHP7PUONHGMDQ8Q91R6SC6NML;1EPKUSPMRRBJJEJ87P8ET83HPT;Snipets;    select * from analytics.DBT_GGITHIRI.stg_customers;20230801172336;20230801172336;99991231000000;1;I
Snowflake~DEFAULT~DEFAULT~MIN~40~min;363B7JC41B5R065PJU143O4JC8;6ABAHPM0K7VDSM9EP3EQILL2NS;Snipets;        min(order_date) as first_order_date,;20230801172336;20230801172336;99991231000000;1;I
Snowflake~DEFAULT~DEFAULT~RS-3;2JC33GI8GF9A0B969B2158KTEI;2MG4KALOMJVPIVI3BB67QP73CJ;Snipets;        customer_id,;20230801172336;20230801172336;99991231000000;1;I
Snowflake~DEFAULT~DEFAULT~RS-1;3U9Q3VJG85LU7HO3EO4UU7RT8S;5S7MO4JV3DH1C1VDKCUHGHD2GP;Snipets;    select * from analytics.DBT_GGITHIRI.stg_customers;20230801172336;20230801172336;99991231000000;1;I
Snowflake~DEFAULT~DEFAULT~RS-4~60~customer_id;AG50HBGE4IO7IRIV4C2IEG4MF;581QCL109IFN4KCQ9OH7P323B5;Snipets;        customers.customer_id,;20230801172336;20230801172336;99991231000000;1;I
Snowflake~DEFAULT~DEFAULT~CTE-CUSTOMER_ORDERS-1;QIKHOKTRCRIMBMR20GN0ISTO9;5LFJVUNMTGHSHQFNFIMBSJT5HS;Snipets;        customer_orders;20230801172336;20230801172336;99991231000000;1;I
Snowflake~DEFAULT~DEFAULT~RS-5~85~lifetime_value;3EILET5VMOF0KB1KCP08U1NQFD;3F07LTBEBL0IOHDHCEL631LSQA;Snipets;select * from final;20230801172336;20230801172336;99991231000000;1;I
Snowflake~DEFAULT~DEFAULT~CTE-CUSTOMERS-1~16_2~LAST_NAME;3V9EPBJF0SJV12QEJDK02NMR4U;2PGAHH00L3R1JBICMK990JDKEG;Snipets;    select * from analytics.DBT_GGITHIRI.stg_customers;20230801172336;20230801172336;99991231000000;1;I
Snowflake~ANALYTICS~DBT_GGITHIRI~FCT_ORDERS~26~order_date;5J6CCLOPHSK8VKQSK47G3O7ED3;4D7LVUF54EMFVH1HGJIKLH7HM0;Snipets;        min(order_date) as first_order_date,;20230801172336;20230801172336;99991231000000;1;I
Snowflake~DEFAULT~DEFAULT~RS-4~58~RelationRows;30NROP4C0P11AQRNTQHFFU50L6;2Q21FA342TSSSK7M0A4H7HMRCE;Snipets;        customers.customer_id,;20230801172336;20230801172336;99991231000000;1;I
Snowflake~DEFAULT~DEFAULT~RS-4~61~first_name;1AHBF5GTT2H0RILUQAFHUR3FPG;2QSRGB8VUJ8GND57UDBI6IAEU8;Snipets;        customers.first_name,;20230801172336;20230801172336;99991231000000;1;I
Snowflake~DEFAULT~DEFAULT~CTE-ORDERS-1~19~RelationRows;6M8E6RK17DRG3S9P8PQPN1MVVH;3DB32S22717BNASV8MQEL7JNSE;Snipets;    from orders;20230801172336;20230801172336;99991231000000;1;I
Snowflake~DEFAULT~DEFAULT~CTE-FINAL-1~74~first_order_date;7J6HBS8N9NT6JSB1MHF0DD12BG;7UHQBOFEDVSE89RG5H66OGN4C;Snipets;        customer_orders.first_order_date,;20230801172336;20230801172336;99991231000000;1;I
Snowflake~DEFAULT~DEFAULT~CTE-CUSTOMER_ORDERS-1~57~lifetime_value;809FJD1UQO88O34CTDIB8E7U8;59MKQ7C4GIC34MFBPTJG9SFSP4;Snipets;        sum(amount) as lifetime_value;20230801172336;20230801172336;99991231000000;1;I
Snowflake~DEFAULT~DEFAULT~CTE-CUSTOMERS-1;5VLT1L3VBOGOV2R6KD4BR9LI3G;75AD4GSDM4D6O258CT9FG1MU8E;Snipets;    from customers;20230801172336;20230801172336;99991231000000;1;I
Snowflake~DEFAULT~DEFAULT~CTE-CUSTOMERS-1~16~*;3G54T7L1654JCD862HQKV7U6QA;9F0QUKT7H6D3F87H4QNJLQKJ7;Snipets;    select * from analytics.DBT_GGITHIRI.stg_customers;20230801172336;20230801172336;99991231000000;1;I
Snowflake~DEFAULT~DEFAULT~CTE-CUSTOMERS-1~16_0~CUSTOMER_ID;15UF99MKHOQAA70PI6AACMEEKR;26KUS9EUU1MO25T2VDPMJ7TMHO;Snipets;    select * from analytics.DBT_GGITHIRI.stg_customers;20230801172336;20230801172336;99991231000000;1;I
Snowflake~DEFAULT~DEFAULT~CTE-ORDERS-1~33_1~ORDER_DATE;4NMO6QFGM2TKC998844U8LP2VT;3J6QBS1N2TA4EDLPTG59PKNFAN;Snipets;    select * from analytics.DBT_GGITHIRI.fct_orders;20230801172336;20230801172336;99991231000000;1;I
Snowflake~DEFAULT~DEFAULT~RS-4~63~first_order_date;5RBU5GCBDQTHDBM6235BS4CERT;5ILJKO7CQG5VS9A8H5UOH3B9BO;Snipets;        customer_orders.first_order_date,;20230801172336;20230801172336;99991231000000;1;I
Snowflake~DEFAULT~DEFAULT~RS-2~31_0~CUSTOMER_ID;2DN2MO474NCQUU17T5OEJ4HBR8;6O7HU25H2DPOO9QHPQ29MKTRJI;Snipets;    select * from analytics.DBT_GGITHIRI.fct_orders;20230801172336;20230801172336;99991231000000;1;I
Snowflake~DEFAULT~DEFAULT~RS-2~31~*;1AJGO0NT2G8M1BELT8JVPBNPM9;3ALPATRST0K36PBGG58Q9RTE3R;Snipets;    select * from analytics.DBT_GGITHIRI.fct_orders;20230801172336;20230801172336;99991231000000;1;I
Snowflake~DEFAULT~DEFAULT~RS-3~37~first_order_date;4H0U4K9TOD1CU8PD9755GMVDN7;1439MER1T46D8PMIFV1BEL5QRT;Snipets;        min(order_date) as first_order_date,;20230801172336;20230801172336;99991231000000;1;I
Snowflake~ANALYTICS~DBT_GGITHIRI~FCT_ORDERS~28~amount;3LSN5ILKQFBQPV3R32JK9U52H2;3RVOCMQ2NJC6MJAM47GIMMDKQ2;Snipets;        sum(amount) as lifetime_value;20230801172336;20230801172336;99991231000000;1;I
Snowflake~DEFAULT~DEFAULT~CTE-ORDERS-1~33~*;71D1M9187QQGHB42U78464UV6O;35SNICA0NCUKQ9RTFO6RBMVHRL;Snipets;    select * from analytics.DBT_GGITHIRI.fct_orders;20230801172336;20230801172336;99991231000000;1;I
Snowflake~ANALYTICS~DBT_GGITHIRI~STG_CUSTOMERS~11~last_name;CGDF96HJJ1A1HEQ9NF5CGN5AD;6JIJ09I6AH0QO5RU906O5GM5VS;Snipets;        customers.last_name,;20230801172336;20230801172336;99991231000000;1;I
Snowflake~DEFAULT~DEFAULT~RS-5~86~number_of_orders;5PU5L165IJUCVQN00AB0VQI6TV;4P1UD5LSPVTG06CMO9JL2OTU8J;Snipets;select * from final;20230801172336;20230801172336;99991231000000;1;I
Snowflake~DEFAULT~DEFAULT~CTE-FINAL-1~1~RelationRows;3N7QJE53CKG6KOFJR1QE64BILB;5OHQ1KS5I1MF0RNA2HKA3KD15M;Snipets;select * from final;20230801172336;20230801172336;99991231000000;1;I
Snowflake~DEFAULT~DEFAULT~RS-2~31_1~ORDER_DATE;359EV1SNPFJNJKNSOOJUIR7AE5;2EDQKDOISGUPV0M70GSBB5NN8D;Snipets;    select * from analytics.DBT_GGITHIRI.fct_orders;20230801172336;20230801172336;99991231000000;1;I
Snowflake~DEFAULT~DEFAULT~RS-2~31_2~ORDER_ID;4A9U85U84IM381R9BPV848CAU;1H180C02MFV0D5HQL2PMHRTU6C;Snipets;    select * from analytics.DBT_GGITHIRI.fct_orders;20230801172336;20230801172336;99991231000000;1;I
Snowflake~ANALYTICS~DBT_GGITHIRI~STG_CUSTOMERS~10~first_name;392B58JI24CBM62A6G0BJ7KQI7;2C6S0Q9SLIVLSKRKR6HA1SBSCV;Snipets;        customers.first_name,;20230801172336;20230801172336;99991231000000;1;I
Snowflake~DEFAULT~DEFAULT~CTE-FINAL-1~77~number_of_orders;35DBBKR16MFONGFHEAVMK38BC0;3GG7AUV5JIQ7HEKNQ8BH6GK5NV;Snipets;        coalesce(customer_orders.number_of_orders, 0) as number_of_orders;20230801172336;20230801172336;99991231000000;1;I
Snowflake~DEFAULT~DEFAULT~CTE-CUSTOMER_ORDERS-1~53~customer_id;1DPG3FJDKFCULP17UKOLVH2792;M52FG5NNT2U3P5PQNT1HCBMT8;Snipets;        customer_id,;20230801172336;20230801172336;99991231000000;1;I
Snowflake~DEFAULT~DEFAULT~CTE-CUSTOMER_ORDERS-1~55~most_recent_order_date;EU0JHIG0LL6KSSALEA9IBUO5T;63T1HV4MV2297LDIKQ3L8U4KP4;Snipets;        max(order_date) as most_recent_order_date,;20230801172336;20230801172336;99991231000000;1;I
Snowflake~DEFAULT~DEFAULT~CTE-FINAL-1;72MNJ4JUNOTP6S7R06P789B485;5OQGSS0QEPKO2IOCQOK8VUVEB;Snipets;select * from final;20230801172336;20230801172336;99991231000000;1;I
Snowflake~DEFAULT~DEFAULT~CTE-FINAL-1~76~lifetime_value;4SI65HNRG7C8LCTIURM0GD9M0F;2II30F6FNPT3BTI3M2V6TR1VB;Snipets;        customer_orders.lifetime_value,;20230801172336;20230801172336;99991231000000;1;I
Snowflake~DEFAULT~DEFAULT~COALESCE~69~coalesce;2UJ3UROAJGJD2E4OVMAMR9LBTU;7IDEHCLFPLPNFR4SAPJOFPB2LA;Snipets;        coalesce(customer_orders.number_of_orders, 0) as number_of_orders;20230801172336;20230801172336;99991231000000;1;I
Snowflake~ANALYTICS~DBT_GGITHIRI~FCT_ORDERS~32~*;72I5CBU7KNN2332IVTC2GC4GBM;PO7N774GOJPB2J84Q6EC5U8ER;Snipets;    select * from analytics.DBT_GGITHIRI.fct_orders;20230801172336;20230801172336;99991231000000;1;I
Snowflake~DEFAULT~DEFAULT~COUNT~48~count;14CV2D160J5E1L6NL382HQ050F;5VNLUVCR38TGD9DK3DMFIRJMK7;Snipets;        count(order_id) as number_of_orders,;20230801172336;20230801172336;99991231000000;1;I
Snowflake~DEFAULT~DEFAULT~MAX;79E6LQRAARS7RTMCGA3G71RLRG;5KEJIUS5HNCLU6NOADC5G69UQP;Snipets;        max(order_date) as most_recent_order_date,;20230801172336;20230801172336;99991231000000;1;I
Snowflake~DEFAULT~DEFAULT~RS-3~41~most_recent_order_date;FHD8G4KHH5AUPJS46GNE89OJL;2II6SU5CJV250O7N2ABSAN5COL;Snipets;        max(order_date) as most_recent_order_date,;20230801172336;20230801172336;99991231000000;1;I
Snowflake~ANALYTICS~DBT_GGITHIRI~STG_CUSTOMERS~9~customer_id;467TFS0VE3HUJ2H5A8Q4B7I1T9;57UPAVRUGC6A428091D35ILQ3O;Snipets;        on customers.customer_id = customer_orders.customer_id;20230801172336;20230801172336;99991231000000;1;I
Snowflake~DEFAULT~DEFAULT~CTE-FINAL-1~71~customer_id;3R73O976UGDLA7ANO06SNBV7FP;1OTR7NMBE4USFHP1JMG7AQDOU6;Snipets;        customers.customer_id,;20230801172336;20230801172336;99991231000000;1;I
Snowflake~DEFAULT~DEFAULT~RS-4~65~lifetime_value;114UPL9P6OG8QBJDQROKUK1FHP;46DNQ90HA6RA9650E1US872SQE;Snipets;        customer_orders.lifetime_value,;20230801172336;20230801172336;99991231000000;1;I
Snowflake~DEFAULT~DEFAULT~RS-5~82~last_name;176HTIRVC2404GA5DANQDS075L;88TQNLS1939HKOCDPJNN89PNG;Snipets;select * from final;20230801172336;20230801172336;99991231000000;1;I
Snowflake~DEFAULT~DEFAULT~CTE-CUSTOMERS-1~16_1~FIRST_NAME;2JDCJFKB29KUORTJEMQDRFVE17;PE9QB9K47GFSFBPNTLN35ODHI;Snipets;    select * from analytics.DBT_GGITHIRI.stg_customers;20230801172336;20230801172336;99991231000000;1;I
Snowflake~DEFAULT~DEFAULT~SUM;50CRADFAVQRMS3IJU804Q49C82;2I6JF92HSLT1BTFS5477LAJLOG;Snipets;        sum(amount) as lifetime_value;20230801172336;20230801172336;99991231000000;1;I
Snowflake~DEFAULT~DEFAULT~RS-5~81~first_name;3SQQ1JCPU2V9KANRR5GU7K8LMR;U21N54MCJ3Q0E270OV40L3H1O;Snipets;select * from final;20230801172336;20230801172336;99991231000000;1;I
Snowflake~DEFAULT~DEFAULT~COALESCE;45FDDR348QQ2BOL3OLM4K1ILG5;6G2NBASI16M64VPIL93BUVUVMN;Snipets;        coalesce(customer_orders.number_of_orders, 0) as number_of_orders;20230801172336;20230801172336;99991231000000;1;I
Snowflake~DEFAULT~DEFAULT~CTE-CUSTOMER_ORDERS-1~54~first_order_date;RO0H715FG37BCB4UHO0LP7J3T;1FGPPONSJACMRFEOHUP0B0B0LO;Snipets;        min(order_date) as first_order_date,;20230801172336;20230801172336;99991231000000;1;I
Snowflake~DEFAULT~DEFAULT~RS-2~31_3~AMOUNT;3K8H13BGQHC6I055DQMGBFOTJE;7KP7S7RERMVESN72PE4LSRTITK;Snipets;    select * from analytics.DBT_GGITHIRI.fct_orders;20230801172336;20230801172336;99991231000000;1;I
Snowflake~DEFAULT~DEFAULT~RS-4~62~last_name;7QDD0VCDCFL774LBDVT9KEJEAE;1TM0OVFGCD0UMO55G21UBO6C5;Snipets;        customers.last_name,;20230801172336;20230801172336;99991231000000;1;I
Snowflake~DEFAULT~DEFAULT~RS-3~49~lifetime_value;6OGIM20ETRPMO0ECIBJ6T5CVNO;5H9P60FHL939QHFHPVFS18737Q;Snipets;        sum(amount) as lifetime_value;20230801172336;20230801172336;99991231000000;1;I
Snowflake~DEFAULT~DEFAULT~COUNT;5GJBIFTCFP58DTRI6R7JALSSO;74R8RIFN9N7TMH93V0SHUGC9EE;Snipets;        count(order_id) as number_of_orders,;20230801172336;20230801172336;99991231000000;1;I
Snowflake~DEFAULT~DEFAULT~RS-4~66~number_of_orders;159RUHQULT5LAACMJK40OI8G9V;543LVS9P6P1ORC2JVGNBS1P54A;Snipets;        coalesce(customer_orders.number_of_orders, 0) as number_of_orders;20230801172336;20230801172336;99991231000000;1;I
Snowflake~DEFAULT~DEFAULT~CTE-ORDERS-1~33_3~AMOUNT;6VTMRGTB19BQ0GD0CM3DNI9T94;13OTF7VUT2CB0V0C89A0U92AMT;Snipets;    select * from analytics.DBT_GGITHIRI.fct_orders;20230801172336;20230801172336;99991231000000;1;I
Snowflake~DEFAULT~DEFAULT~MIN;E0QHOF7NSRLL2RMLU58E7AQIN;4RRPFN04UMI0B58THQQC1TH086;Snipets;        min(order_date) as first_order_date,;20230801172336;20230801172336;99991231000000;1;I
Snowflake~DEFAULT~DEFAULT~CTE-ORDERS-1~33_2~ORDER_ID;3RK6R1HILRK66F3JRKD820VVB8;71NLVB2O5VDNTQU67HR3D7AGO2;Snipets;    select * from analytics.DBT_GGITHIRI.fct_orders;20230801172336;20230801172336;99991231000000;1;I
Snowflake~DEFAULT~DEFAULT~RS-1~87~customer_id;3D90DUN2DRIM0ETTHHPDM0VCOM;65HQUN3LPK36F5TFS1OD9AC4M2;Snipets;        customers.customer_id,;20230801172336;20230801172336;99991231000000;1;I
Snowflake~DEFAULT~DEFAULT~SUM~52~sum;75LA3PS5SCU3I9B5CSO7FUMTHB;3IK3CE6RAKRGVP9LSKN8B2HC8M;Snipets;        sum(amount) as lifetime_value;20230801172336;20230801172336;99991231000000;1;I
Snowflake~ANALYTICS~DBT_GGITHIRI~STG_ORDERS;5HC5O0PL8K5NNKAQJS0O2U5STK;4MRQBC9S5G1PATILTVJTKIN639;coordinate;[{"hashCode":"0","x":2,"y":19},{"hashCode":"0","x":2,"y":52}];20230801172340;20230801172340;99991231000000;1;I
Snowflake~ANALYTICS~DBT_GGITHIRI~STG_PAYMENTS;54JGOT9DJJKI5DK27LTL8I7899;7JM8O7SKFJIHFCRP7AV24ESSQR;coordinate;[{"hashCode":"0","x":6,"y":19},{"hashCode":"0","x":6,"y":54}];20230801172340;20230801172340;99991231000000;1;I
Snowflake~DEFAULT~DEFAULT~CTE-FINAL-1;55CREOMQ2QQCQHJ6S37HFTGPT5;5OQGSS0QEPKO2IOCQOK8VUVEB;coordinate;[{"hashCode":"0","x":30,"y":15},{"hashCode":"0","x":30,"y":20}];20230801172340;20230801172340;99991231000000;1;I
Snowflake~DEFAULT~DEFAULT~CTE-ORDERS-1;3UM106R7EV3VKUJONHGA7GI526;39QBLHGLOSORL2TAQ7DLUU81F8;coordinate;[{"hashCode":"0","x":26,"y":10},{"hashCode":"0","x":26,"y":16}];20230801172340;20230801172340;99991231000000;1;I
Snowflake~DEFAULT~DEFAULT~CTE-ORDER_PAYMENTS-1;319T9EEI3L6KT651DQU82197P5;20JF8QI4MEQJ9MJ86MCFO05C25;coordinate;[{"hashCode":"0","x":27,"y":15},{"hashCode":"0","x":27,"y":29}];20230801172340;20230801172340;99991231000000;1;I
Snowflake~DEFAULT~DEFAULT~CTE-PAYMENTS-1;7COFAM44MNMLGRJ2OLGRLUBI46;JMIF9IHQ5966DOKT2JBA2UBT8;coordinate;[{"hashCode":"0","x":14,"y":10},{"hashCode":"0","x":14,"y":18}];20230801172340;20230801172340;99991231000000;1;I
Snowflake~DEFAULT~DEFAULT~RS-1;4VB2F7EG0S1JCO9RA9MG31JHN6;5S7MO4JV3DH1C1VDKCUHGHD2GP;coordinate;[{"hashCode":"0","x":2,"y":12},{"hashCode":"0","x":2,"y":13}];20230801172340;20230801172340;99991231000000;1;I
Snowflake~DEFAULT~DEFAULT~RS-2;PEBGUHN95924NN2OGLV2NN9UQ;2UFNO0IIS23283KC5MDI9RRT3Q;coordinate;[{"hashCode":"0","x":6,"y":12},{"hashCode":"0","x":6,"y":13}];20230801172340;20230801172340;99991231000000;1;I
Snowflake~DEFAULT~DEFAULT~RS-3;2HT02R780QQ8UIIN8HM6QV431A;2MG4KALOMJVPIVI3BB67QP73CJ;coordinate;[{"hashCode":"0","x":11,"y":9},{"hashCode":"0","x":12,"y":68}];20230801172340;20230801172340;99991231000000;1;I
Snowflake~DEFAULT~DEFAULT~RS-4;3HTKTHRGKC4L10R9H88IM6MC0I;4TS64US8HOGTUBAU0VN7P9E5PC;coordinate;[{"hashCode":"0","x":21,"y":9},{"hashCode":"0","x":24,"y":53}];20230801172340;20230801172340;99991231000000;1;I
Snowflake~DEFAULT~DEFAULT~RS-5;4P9Q5KP36680FJ3P74K5VUMJ4Q;7ORITKE87CT17ECSU99IQ2KII;coordinate;[{"hashCode":"0","x":30,"y":8},{"hashCode":"0","x":30,"y":9}];20230801172340;20230801172340;99991231000000;1;I
Snowflake~DEFAULT~DEFAULT~CASE-WHEN;6N3KQ6FSTDTC6G545Q7GAJ2BSN;6DJ5RJRBLDEURM05Q9UC14SL2A;coordinate;[{"hashCode":"0","x":12,"y":13},{"hashCode":"0","x":12,"y":57}];20230801172340;20230801172340;99991231000000;1;I
Snowflake~DEFAULT~DEFAULT~COALESCE;2B55FCRPHOQF0AQD0H5ID2MEO7;6G2NBASI16M64VPIL93BUVUVMN;coordinate;[{"hashCode":"0","x":24,"y":9},{"hashCode":"0","x":24,"y":43}];20230801172340;20230801172340;99991231000000;1;I
Snowflake~DEFAULT~DEFAULT~SUM;6CLSOJ7GJPHG44K9QCOPPM5NDN;2I6JF92HSLT1BTFS5477LAJLOG;coordinate;[{"hashCode":"0","x":12,"y":9},{"hashCode":"0","x":12,"y":58}];20230801172340;20230801172340;99991231000000;1;I
Snowflake~ANALYTICS~DBT_GGITHIRI~STG_ORDERS~15~*;60PD996I9OLP7C57NVQQ22R1UI;6QD07BDGMTIA3PD677EL9FE8AG;coordinate;[{"hashCode":"0","x":2,"y":12},{"hashCode":"0","x":2,"y":13}];20230801172340;20230801172340;99991231000000;1;I
Snowflake~ANALYTICS~DBT_GGITHIRI~STG_ORDERS~10~customer_id;73RE6Q2HQIPBVERFLOCLHDEP5B;5I16H4G6LT8QOP7CESOJ2LT0KC;coordinate;[{"hashCode":"0","x":22,"y":9},{"hashCode":"0","x":22,"y":27}];20230801172340;20230801172340;99991231000000;1;I
Snowflake~ANALYTICS~DBT_GGITHIRI~STG_ORDERS~11~order_date;59A7EJ91FIKM2JLLVJF0P5NLQH;38JJOSEQD6FESFBBGUA0L1F83R;coordinate;[{"hashCode":"0","x":23,"y":9},{"hashCode":"0","x":23,"y":26}];20230801172340;20230801172340;99991231000000;1;I
Snowflake~ANALYTICS~DBT_GGITHIRI~STG_ORDERS~9~order_id;5GGQSTPB09GNHGRTQAR6FQ98RM;76HBRKNBGS5832OB82LSSJKPKJ;coordinate;[{"hashCode":"0","x":27,"y":33},{"hashCode":"0","x":27,"y":48}];20230801172340;20230801172340;99991231000000;1;I
Snowflake~ANALYTICS~DBT_GGITHIRI~STG_PAYMENTS~31~*;68IQMEEV20MR7LOQ7CAQB6F6SF;1DM3DM9P1AIB7M77O3BLACGJIU;coordinate;[{"hashCode":"0","x":6,"y":12},{"hashCode":"0","x":6,"y":13}];20230801172340;20230801172340;99991231000000;1;I
Snowflake~ANALYTICS~DBT_GGITHIRI~STG_PAYMENTS~27~amount;6881HQ8PIS9IU7D0D3EBMCKEP8;JMEJQISNS3MKLLB3S8VJQQN5V;coordinate;[{"hashCode":"0","x":12,"y":47},{"hashCode":"0","x":12,"y":53}];20230801172340;20230801172340;99991231000000;1;I
Snowflake~ANALYTICS~DBT_GGITHIRI~STG_PAYMENTS~25~order_id;R00E8G7QOFC7OJFL5NJFP95Q2;4M4TBNNN0NG1FO5CJP3UTUF7A2;coordinate;[{"hashCode":"0","x":11,"y":9},{"hashCode":"0","x":11,"y":17}];20230801172340;20230801172340;99991231000000;1;I
Snowflake~ANALYTICS~DBT_GGITHIRI~STG_PAYMENTS~26~status;2P2SGMU07UH423J8RAFEIODI5;1TK90LHSUGQ2U3G3QI6M984J0Q;coordinate;[{"hashCode":"0","x":12,"y":23},{"hashCode":"0","x":12,"y":29}];20230801172340;20230801172340;99991231000000;1;I
Snowflake~DEFAULT~DEFAULT~CTE-FINAL-1~1~RelationRows;1LT4262AQJF23ARHRBHN0O8LAG;5OHQ1KS5I1MF0RNA2HKA3KD15M;coordinate;[{"hashCode":"0","x":30,"y":15},{"hashCode":"0","x":30,"y":20}];20230801172340;20230801172340;99991231000000;1;I
Snowflake~DEFAULT~DEFAULT~CTE-FINAL-1~59~amount;2TS48UP0CJAOCEC1Q3CI0456I4;7TDU7NK8SIFJJKBJ54FO1CEOEF;coordinate;[{"hashCode":"0","x":24,"y":9},{"hashCode":"0","x":24,"y":53}];20230801172340;20230801172340;99991231000000;1;I
Snowflake~DEFAULT~DEFAULT~CTE-FINAL-1~57~customer_id;1ONIAVL8NN73UF0DCM65GFRQBA;65K6EPF9AQK6G258VEUG0HT8FJ;coordinate;[{"hashCode":"0","x":22,"y":9},{"hashCode":"0","x":22,"y":27}];20230801172340;20230801172340;99991231000000;1;I
Snowflake~DEFAULT~DEFAULT~CTE-FINAL-1~58~order_date;IA3RR785UODDCRBCMBR4JULR3;5KRP9FSEKU9JRRM95GNGV3920;coordinate;[{"hashCode":"0","x":23,"y":9},{"hashCode":"0","x":23,"y":26}];20230801172340;20230801172340;99991231000000;1;I
Snowflake~DEFAULT~DEFAULT~CTE-FINAL-1~56~order_id;3D2V82A2CG89PLVGFDH5CA5ALB;38AEMHRF1VFLPVG1RIB16BIPBK;coordinate;[{"hashCode":"0","x":21,"y":9},{"hashCode":"0","x":21,"y":24}];20230801172340;20230801172340;99991231000000;1;I
Snowflake~DEFAULT~DEFAULT~CTE-ORDERS-1~16~*;1K8K50GBB4MHNORC26Q8E4NE82;2HDMETLVDLNS1KDDJ4S1AEPBPV;coordinate;[{"hashCode":"0","x":2,"y":12},{"hashCode":"0","x":2,"y":13}];20230801172340;20230801172340;99991231000000;1;I
Snowflake~DEFAULT~DEFAULT~CTE-ORDERS-1~16_1~CUSTOMER_ID;4JOI1P3FCBP80CM710NQ40L20A;6TEG0C1NJS6EVCDLU7SVL66DTF;coordinate;[{"hashCode":"0","x":2,"y":12},{"hashCode":"0","x":2,"y":13}];20230801172340;20230801172340;99991231000000;1;I
Snowflake~DEFAULT~DEFAULT~CTE-ORDERS-1~16_2~ORDER_DATE;7HC0IUML9E5LU5OKKI83LGMFI8;12ME4J7A58P4L7DUFRO05RDH4I;coordinate;[{"hashCode":"0","x":2,"y":12},{"hashCode":"0","x":2,"y":13}];20230801172340;20230801172340;99991231000000;1;I
Snowflake~DEFAULT~DEFAULT~CTE-ORDERS-1~16_0~ORDER_ID;11F33LK36TBB6J7NIVJT85M9TC;4Q1DDAA5JDA2OP823CVUUTRB1N;coordinate;[{"hashCode":"0","x":2,"y":12},{"hashCode":"0","x":2,"y":13}];20230801172340;20230801172340;99991231000000;1;I
Snowflake~DEFAULT~DEFAULT~CTE-ORDER_PAYMENTS-1~45~amount;7M9F6BI6NQHRSAA4RP9VTLPU7Q;81DUM9DNUDG2H320NBQ1S651C;coordinate;[{"hashCode":"0","x":12,"y":9},{"hashCode":"0","x":12,"y":68}];20230801172340;20230801172340;99991231000000;1;I
Snowflake~DEFAULT~DEFAULT~CTE-ORDER_PAYMENTS-1~44~order_id;5KSO4KL1HGCDLAT3SOMA9BSSI9;4215DHR1490L50U3SGAFH8QBC2;coordinate;[{"hashCode":"0","x":11,"y":9},{"hashCode":"0","x":11,"y":17}];20230801172340;20230801172340;99991231000000;1;I
Snowflake~DEFAULT~DEFAULT~CTE-PAYMENTS-1~32~*;435NT3BP0UNT81TOL7DJ7I2HJ1;2LT58GPP23UV2LSAGT6AQ6H5JP;coordinate;[{"hashCode":"0","x":6,"y":12},{"hashCode":"0","x":6,"y":13}];20230801172340;20230801172340;99991231000000;1;I
Snowflake~DEFAULT~DEFAULT~CTE-PAYMENTS-1~32_2~AMOUNT;B06MQ15AKS8JSES7K3I73E0FA;782J1KRSVV7P7Q3IQ413G0TDLD;coordinate;[{"hashCode":"0","x":6,"y":12},{"hashCode":"0","x":6,"y":13}];20230801172340;20230801172340;99991231000000;1;I
Snowflake~DEFAULT~DEFAULT~CTE-PAYMENTS-1~32_0~ORDER_ID;6NHBBC4H4HRI9UBIU09HLUI187;U0TGNJS50NIOV89E01DD9V2B2;coordinate;[{"hashCode":"0","x":6,"y":12},{"hashCode":"0","x":6,"y":13}];20230801172340;20230801172340;99991231000000;1;I
Snowflake~DEFAULT~DEFAULT~CTE-PAYMENTS-1~32_1~STATUS;5LTTN4QKHMBTAKCAQUBVSH8L9B;41ENJR9R2CA84TEE6HSO3R5S31;coordinate;[{"hashCode":"0","x":6,"y":12},{"hashCode":"0","x":6,"y":13}];20230801172340;20230801172340;99991231000000;1;I
Snowflake~DEFAULT~DEFAULT~RS-1~14~*;7ONB98FBLSR82SOUHJIBU1VRDN;4NNFSUNSI94T7ETIKKR0FFCPKN;coordinate;[{"hashCode":"0","x":2,"y":12},{"hashCode":"0","x":2,"y":13}];20230801172340;20230801172340;99991231000000;1;I
Snowflake~DEFAULT~DEFAULT~RS-1~14_1~CUSTOMER_ID;25M33I3A33EMA4O62N5PLRP9Q5;5IQG1H5CVMMQMCCP0P525EK9AK;coordinate;[{"hashCode":"0","x":2,"y":12},{"hashCode":"0","x":2,"y":13}];20230801172340;20230801172340;99991231000000;1;I
Snowflake~DEFAULT~DEFAULT~RS-1~14_2~ORDER_DATE;HTIMP0OBA1U3QV2SOI23MV5B3;7T2TBOHML59F2PK783Q9IK47BN;coordinate;[{"hashCode":"0","x":2,"y":12},{"hashCode":"0","x":2,"y":13}];20230801172340;20230801172340;99991231000000;1;I
Snowflake~DEFAULT~DEFAULT~RS-1~67~order_id;1V15MU03FEPNKS2DBRRDSPKJVH;6AL33404AENKKKAFR3QTRFI4HO;coordinate;[{"hashCode":"0","x":21,"y":9},{"hashCode":"0","x":21,"y":24}];20230801172340;20230801172340;99991231000000;1;I
Snowflake~DEFAULT~DEFAULT~RS-2~30~*;3FQMDV476OAGM22CCJBS8V8N3N;50017P9ARCJHJLIKKDAGCQV2UQ;coordinate;[{"hashCode":"0","x":6,"y":12},{"hashCode":"0","x":6,"y":13}];20230801172340;20230801172340;99991231000000;1;I
Snowflake~DEFAULT~DEFAULT~RS-2~30_2~AMOUNT;105JGGI3VU9D2IH11G9QRLTML1;53N2HUMURUC65OA7CFG260BS96;coordinate;[{"hashCode":"0","x":6,"y":12},{"hashCode":"0","x":6,"y":13}];20230801172340;20230801172340;99991231000000;1;I
Snowflake~DEFAULT~DEFAULT~RS-2~30_0~ORDER_ID;20KPAKGM792V6TUAUA6BKEOBS3;427381TN0R2E9M16L69EJHDC6R;coordinate;[{"hashCode":"0","x":6,"y":12},{"hashCode":"0","x":6,"y":13}];20230801172340;20230801172340;99991231000000;1;I
Snowflake~DEFAULT~DEFAULT~RS-2~66~status;5IJ0AK314GVMSE2O47KQUQ2A84;67V93IA6E2C0M13RH4KI4UJFRO;coordinate;[{"hashCode":"0","x":12,"y":23},{"hashCode":"0","x":12,"y":29}];20230801172340;20230801172340;99991231000000;1;I
Snowflake~DEFAULT~DEFAULT~RS-3~36~amount;3GNNC57BK7L0L1P4P8P2IS2ELD;9TTHLRGUFBM2KTDJFD2HRVL67;coordinate;[{"hashCode":"0","x":12,"y":9},{"hashCode":"0","x":12,"y":68}];20230801172340;20230801172340;99991231000000;1;I
Snowflake~DEFAULT~DEFAULT~RS-3~35~order_id;1A4QM5DPKJUK6JABT4HN16TV44;6E502SGQMK9DMJJCSUNT56QDLP;coordinate;[{"hashCode":"0","x":11,"y":9},{"hashCode":"0","x":11,"y":17}];20230801172340;20230801172340;99991231000000;1;I
Snowflake~DEFAULT~DEFAULT~RS-4~46~RelationRows;6CDAIV6CK5880ODHNKFMH39C0M;6R6Q1PRPTD36H7NN3K76O1RT3J;coordinate;[{"hashCode":"0","x":21,"y":9},{"hashCode":"0","x":24,"y":53}];20230801172340;20230801172340;99991231000000;1;I
Snowflake~DEFAULT~DEFAULT~RS-4~51~amount;6AUDJOIEGVH0C49TO4I4IA1NL;422VKOTDN3TUT1UP813DDQAGH5;coordinate;[{"hashCode":"0","x":24,"y":9},{"hashCode":"0","x":24,"y":53}];20230801172340;20230801172340;99991231000000;1;I
Snowflake~DEFAULT~DEFAULT~RS-4~49~customer_id;55C1IDQ5K0BAEHMPK2HALENNR;U3ULB0T6D8NL43RAAR85DFQ67;coordinate;[{"hashCode":"0","x":22,"y":9},{"hashCode":"0","x":22,"y":27}];20230801172340;20230801172340;99991231000000;1;I
Snowflake~DEFAULT~DEFAULT~RS-4~50~order_date;11KMH2F784K1SI7MBVOJSKL4F3;14J4QCR8QQDC11Q09HFNGDF0AB;coordinate;[{"hashCode":"0","x":23,"y":9},{"hashCode":"0","x":23,"y":26}];20230801172340;20230801172340;99991231000000;1;I
Snowflake~DEFAULT~DEFAULT~RS-4~48~order_id;34KTCS3L9T5JM9IE4M0MB1MTFG;7TSUG3H44OI8RJ4KL3DPSQVH6H;coordinate;[{"hashCode":"0","x":21,"y":9},{"hashCode":"0","x":21,"y":24}];20230801172340;20230801172340;99991231000000;1;I
Snowflake~DEFAULT~DEFAULT~RS-5~60~RelationRows;KO1HNS91C4PADECF2KLR05BD9;22ULKOL0J3ISMF2GLC0FVP55B9;coordinate;[{"hashCode":"0","x":30,"y":8},{"hashCode":"0","x":30,"y":9}];20230801172340;20230801172340;99991231000000;1;I
Snowflake~DEFAULT~DEFAULT~RS-5~65~amount;300FI3VSN2M23LKV3IHKH8EOGE;35HG5C76R5I0D0SSRRHG0OGP3P;coordinate;[{"hashCode":"0","x":30,"y":8},{"hashCode":"0","x":30,"y":9}];20230801172340;20230801172340;99991231000000;1;I
Snowflake~DEFAULT~DEFAULT~RS-5~63~customer_id;7QHCQ95GIP0T2GMB4IS6E1PMF0;4Q6G6VK62MS83L8D5SS9QE0MH9;coordinate;[{"hashCode":"0","x":30,"y":8},{"hashCode":"0","x":30,"y":9}];20230801172340;20230801172340;99991231000000;1;I
Snowflake~DEFAULT~DEFAULT~RS-5~64~order_date;4UBAGUU7BI8FO2FR9MUCFAN703;5Q0LT79DKGOP4G87H5H2RJMVOV;coordinate;[{"hashCode":"0","x":30,"y":8},{"hashCode":"0","x":30,"y":9}];20230801172340;20230801172340;99991231000000;1;I
Snowflake~DEFAULT~DEFAULT~RS-5~62~order_id;74RQ669R9L57ETO4B6GF0T834U;2O4EGK34Q105V2DDIL3EQFMIGT;coordinate;[{"hashCode":"0","x":30,"y":8},{"hashCode":"0","x":30,"y":9}];20230801172340;20230801172340;99991231000000;1;I
Snowflake~DEFAULT~DEFAULT~CASE-WHEN~42~case-when;BL3D1OU4N6FVV3D33MHJI2G4R;28NGBNL3B6J8NHVEDQ9LR86EEU;coordinate;[{"hashCode":"0","x":12,"y":18},{"hashCode":"0","x":12,"y":53}];20230801172340;20230801172340;99991231000000;1;I
Snowflake~DEFAULT~DEFAULT~COALESCE~54~coalesce;BEHGEGDECD5O2PKGDCBNUUGSS;3ICGVKAEMSGVLHJUL8PVQFTAD0;coordinate;[{"hashCode":"0","x":24,"y":9},{"hashCode":"0","x":24,"y":17}];20230801172340;20230801172340;99991231000000;1;I
Snowflake~DEFAULT~DEFAULT~SUM~39~sum;28BFL2GLTO1O38TLDLB92C5TTD;41MV5VEHNOJ2H70KF0NAFV6IF9;coordinate;[{"hashCode":"0","x":12,"y":9},{"hashCode":"0","x":12,"y":12}];20230801172340;20230801172340;99991231000000;1;I
Snowflake~ANALYTICS~DBT_GGITHIRI~STG_ORDERS;1S51LVQBVEP5L1KL6MO45E2D5O;4MRQBC9S5G1PATILTVJTKIN639;Snipets;;20230801172340;20230801172340;99991231000000;1;I
Snowflake~DEFAULT~DEFAULT~CTE-PAYMENTS-1;4H6F0V4FHQ45EQL49I02BAO6KU;JMIF9IHQ5966DOKT2JBA2UBT8;Snipets;;20230801172340;20230801172340;99991231000000;1;I
Snowflake~DEFAULT~DEFAULT~RS-2~66~status;6LHGQ3Q8TKDERV04P0QUGKOTMU;67V93IA6E2C0M13RH4KI4UJFRO;Snipets;;20230801172340;20230801172340;99991231000000;1;I
Snowflake~DEFAULT~DEFAULT~RS-5~60~RelationRows;4D0FR81KUFA0DE4134SCEUKPHE;22ULKOL0J3ISMF2GLC0FVP55B9;Snipets;;20230801172340;20230801172340;99991231000000;1;I
Snowflake~DEFAULT~DEFAULT~CASE-WHEN~42~case-when;4FQF0CR0DO2N1DUGVUJEHDASKD;28NGBNL3B6J8NHVEDQ9LR86EEU;Snipets;;20230801172340;20230801172340;99991231000000;1;I
Snowflake~DEFAULT~DEFAULT~RS-2~30~*;2TIBADJO4PNBEO5GITPL5CG7T3;50017P9ARCJHJLIKKDAGCQV2UQ;Snipets;;20230801172340;20230801172340;99991231000000;1;I
Snowflake~ANALYTICS~DBT_GGITHIRI~STG_PAYMENTS~26~status;7THQSV7N3NTTHG06LTQLPUUAH7;1TK90LHSUGQ2U3G3QI6M984J0Q;Snipets;;20230801172340;20230801172340;99991231000000;1;I
Snowflake~DEFAULT~DEFAULT~RS-4~46~RelationRows;36FQDS38VFFOKGB9D1GJH4UABO;6R6Q1PRPTD36H7NN3K76O1RT3J;Snipets;;20230801172340;20230801172340;99991231000000;1;I
Snowflake~ANALYTICS~DBT_GGITHIRI~STG_PAYMENTS~31~*;2BNAEJN0KUDBMDI333LJEHNLJS;1DM3DM9P1AIB7M77O3BLACGJIU;Snipets;;20230801172340;20230801172340;99991231000000;1;I
Snowflake~DEFAULT~DEFAULT~CTE-ORDER_PAYMENTS-1~44~order_id;9CJGS54CU4EBOV1LN1AGFP4FK;4215DHR1490L50U3SGAFH8QBC2;Snipets;;20230801172340;20230801172340;99991231000000;1;I
Snowflake~DEFAULT~DEFAULT~CTE-ORDERS-1;62BD4C3I93VP9FTOT3RFEV69DU;39QBLHGLOSORL2TAQ7DLUU81F8;Snipets;;20230801172340;20230801172340;99991231000000;1;I
Snowflake~DEFAULT~DEFAULT~CTE-PAYMENTS-1~32~*;6H1AQTVLGLNP172NLB2231AV6B;2LT58GPP23UV2LSAGT6AQ6H5JP;Snipets;;20230801172340;20230801172340;99991231000000;1;I
Snowflake~DEFAULT~DEFAULT~RS-1~14~*;O334TTQIM95CEJADQAG86NOSE;4NNFSUNSI94T7ETIKKR0FFCPKN;Snipets;;20230801172340;20230801172340;99991231000000;1;I
Snowflake~DEFAULT~DEFAULT~RS-4~49~customer_id;5DDC8KQE27F9UC00NJLCB6COT9;U3ULB0T6D8NL43RAAR85DFQ67;Snipets;;20230801172340;20230801172340;99991231000000;1;I
Snowflake~DEFAULT~DEFAULT~RS-4;6T6S685C3NC527PH57E671RI9B;4TS64US8HOGTUBAU0VN7P9E5PC;Snipets;;20230801172340;20230801172340;99991231000000;1;I
Snowflake~DEFAULT~DEFAULT~RS-5~63~customer_id;799E5D6SCMGRIE7EGNRHBEJMSS;4Q6G6VK62MS83L8D5SS9QE0MH9;Snipets;;20230801172340;20230801172340;99991231000000;1;I
Snowflake~DEFAULT~DEFAULT~RS-5;1CMJK47U2EARP44CA7T0NF35HF;7ORITKE87CT17ECSU99IQ2KII;Snipets;;20230801172340;20230801172340;99991231000000;1;I
Snowflake~DEFAULT~DEFAULT~RS-2~30_2~AMOUNT;7IMF93NR5VGG87FJAFPHHP2R5P;53N2HUMURUC65OA7CFG260BS96;Snipets;;20230801172340;20230801172340;99991231000000;1;I
Snowflake~DEFAULT~DEFAULT~RS-5~65~amount;3V347A5QVEKNJT57TC7UDC1GT4;35HG5C76R5I0D0SSRRHG0OGP3P;Snipets;;20230801172340;20230801172340;99991231000000;1;I
Snowflake~DEFAULT~DEFAULT~RS-2;7RQHF8C3CUJ53HG3BA1R7VDSKL;2UFNO0IIS23283KC5MDI9RRT3Q;Snipets;;20230801172340;20230801172340;99991231000000;1;I
Snowflake~DEFAULT~DEFAULT~CTE-ORDER_PAYMENTS-1;2I70KBKVG9BRVJEVMD7A6QIVER;20JF8QI4MEQJ9MJ86MCFO05C25;Snipets;;20230801172340;20230801172340;99991231000000;1;I
Snowflake~DEFAULT~DEFAULT~RS-3;4GSK4N2OVCENU3EL5D22BSD12B;2MG4KALOMJVPIVI3BB67QP73CJ;Snipets;;20230801172340;20230801172340;99991231000000;1;I
Snowflake~DEFAULT~DEFAULT~RS-1;4AT3O0936JIVOOROFI469IEKE3;5S7MO4JV3DH1C1VDKCUHGHD2GP;Snipets;;20230801172340;20230801172340;99991231000000;1;I
Snowflake~ANALYTICS~DBT_GGITHIRI~STG_PAYMENTS~27~amount;3JJHK2U5R3A3J7GK26S8S1OA8R;JMEJQISNS3MKLLB3S8VJQQN5V;Snipets;;20230801172340;20230801172340;99991231000000;1;I
Snowflake~DEFAULT~DEFAULT~CTE-FINAL-1~59~amount;24MKUCHBGADVM0KR6Q5BGEJ1S3;7TDU7NK8SIFJJKBJ54FO1CEOEF;Snipets;;20230801172340;20230801172340;99991231000000;1;I
Snowflake~DEFAULT~DEFAULT~CTE-ORDERS-1~16_2~ORDER_DATE;57A85S34HND87TNIMKCHT3GS0U;12ME4J7A58P4L7DUFRO05RDH4I;Snipets;;20230801172340;20230801172340;99991231000000;1;I
Snowflake~DEFAULT~DEFAULT~CTE-ORDERS-1~16_0~ORDER_ID;5BL6ODRN3RV67PL5H6UF6G7CC6;4Q1DDAA5JDA2OP823CVUUTRB1N;Snipets;;20230801172340;20230801172340;99991231000000;1;I
Snowflake~DEFAULT~DEFAULT~CTE-FINAL-1~57~customer_id;3R283POSKD2SL8QORP09KP5N7O;65K6EPF9AQK6G258VEUG0HT8FJ;Snipets;;20230801172340;20230801172340;99991231000000;1;I
Snowflake~DEFAULT~DEFAULT~RS-4~51~amount;2OA50HBS15R62GIQ4TGVPH78DE;422VKOTDN3TUT1UP813DDQAGH5;Snipets;;20230801172340;20230801172340;99991231000000;1;I
Snowflake~DEFAULT~DEFAULT~RS-1~67~order_id;7J7EDRG2T9FQEJCMMEOJ6UFBIH;6AL33404AENKKKAFR3QTRFI4HO;Snipets;;20230801172340;20230801172340;99991231000000;1;I
Snowflake~DEFAULT~DEFAULT~SUM~39~sum;26GH8QI7AAA4HHBEORA38Q07P1;41MV5VEHNOJ2H70KF0NAFV6IF9;Snipets;;20230801172340;20230801172340;99991231000000;1;I
Snowflake~DEFAULT~DEFAULT~RS-5~62~order_id;51EADUD7N0UP5HV8LH8RI5VI5C;2O4EGK34Q105V2DDIL3EQFMIGT;Snipets;;20230801172340;20230801172340;99991231000000;1;I
Snowflake~ANALYTICS~DBT_GGITHIRI~STG_ORDERS~9~order_id;DMAPBVNLJ2DUIUGND31JRUUQR;76HBRKNBGS5832OB82LSSJKPKJ;Snipets;;20230801172340;20230801172340;99991231000000;1;I
Snowflake~DEFAULT~DEFAULT~CTE-ORDERS-1~16_1~CUSTOMER_ID;78MP9CBC93DP80H1DO796BA3L3;6TEG0C1NJS6EVCDLU7SVL66DTF;Snipets;;20230801172340;20230801172340;99991231000000;1;I
Snowflake~DEFAULT~DEFAULT~RS-1~14_2~ORDER_DATE;1B3J1SF7V1UBLH072FNU86QN0R;7T2TBOHML59F2PK783Q9IK47BN;Snipets;;20230801172340;20230801172340;99991231000000;1;I
Snowflake~DEFAULT~DEFAULT~CTE-PAYMENTS-1~32_0~ORDER_ID;C08GVKVJJOCUFGJ60R07259J4;U0TGNJS50NIOV89E01DD9V2B2;Snipets;;20230801172340;20230801172340;99991231000000;1;I
Snowflake~DEFAULT~DEFAULT~RS-4~50~order_date;5JHKFSK9H5E317EI2MVUI7TNF3;14J4QCR8QQDC11Q09HFNGDF0AB;Snipets;;20230801172340;20230801172340;99991231000000;1;I
Snowflake~DEFAULT~DEFAULT~CTE-FINAL-1~56~order_id;4OQVE69CG9GLF4V9V2A8M691FC;38AEMHRF1VFLPVG1RIB16BIPBK;Snipets;;20230801172340;20230801172340;99991231000000;1;I
Snowflake~DEFAULT~DEFAULT~CTE-PAYMENTS-1~32_2~AMOUNT;NNEBE613BM0R1LFUJ2L5POOAE;782J1KRSVV7P7Q3IQ413G0TDLD;Snipets;;20230801172340;20230801172340;99991231000000;1;I
Snowflake~DEFAULT~DEFAULT~RS-2~30_0~ORDER_ID;50A898FTU97FD9HPCEJUIAJGEC;427381TN0R2E9M16L69EJHDC6R;Snipets;;20230801172340;20230801172340;99991231000000;1;I
Snowflake~DEFAULT~DEFAULT~CTE-ORDERS-1~16~*;1QB770JJG39JQ7RFBQN4TFB2P5;2HDMETLVDLNS1KDDJ4S1AEPBPV;Snipets;;20230801172340;20230801172340;99991231000000;1;I
Snowflake~ANALYTICS~DBT_GGITHIRI~STG_PAYMENTS~25~order_id;2ICLDP8CETL961N35RETB1ONQT;4M4TBNNN0NG1FO5CJP3UTUF7A2;Snipets;;20230801172340;20230801172340;99991231000000;1;I
Snowflake~DEFAULT~DEFAULT~RS-3~36~amount;NR4R13B926J82V6JL07PS6A7G;9TTHLRGUFBM2KTDJFD2HRVL67;Snipets;;20230801172340;20230801172340;99991231000000;1;I
Snowflake~DEFAULT~DEFAULT~COALESCE~54~coalesce;40AG7E617KEPVUKK50EQH633H9;3ICGVKAEMSGVLHJUL8PVQFTAD0;Snipets;;20230801172340;20230801172340;99991231000000;1;I
Snowflake~DEFAULT~DEFAULT~CTE-PAYMENTS-1~32_1~STATUS;5M9D4DE922J3F8H8V9JSLIK9UF;41ENJR9R2CA84TEE6HSO3R5S31;Snipets;;20230801172340;20230801172340;99991231000000;1;I
Snowflake~DEFAULT~DEFAULT~CTE-FINAL-1~1~RelationRows;34KP64360NGOEE0ARURR6E39RN;5OHQ1KS5I1MF0RNA2HKA3KD15M;Snipets;;20230801172340;20230801172340;99991231000000;1;I
Snowflake~DEFAULT~DEFAULT~RS-4~48~order_id;6QKO076KG80GMUU8AHQIF3B69B;7TSUG3H44OI8RJ4KL3DPSQVH6H;Snipets;;20230801172340;20230801172340;99991231000000;1;I
Snowflake~DEFAULT~DEFAULT~CASE-WHEN;7IODT9Q6RF5BJDCMPNOO4L5AIN;6DJ5RJRBLDEURM05Q9UC14SL2A;Snipets;;20230801172340;20230801172340;99991231000000;1;I
Snowflake~DEFAULT~DEFAULT~CTE-ORDER_PAYMENTS-1~45~amount;2T7FJNUANMTIQ0LUO985HNE7RA;81DUM9DNUDG2H320NBQ1S651C;Snipets;;20230801172340;20230801172340;99991231000000;1;I
Snowflake~ANALYTICS~DBT_GGITHIRI~STG_ORDERS~10~customer_id;1P1F7L069275CAK2JRR4Q30DOG;5I16H4G6LT8QOP7CESOJ2LT0KC;Snipets;;20230801172340;20230801172340;99991231000000;1;I
Snowflake~ANALYTICS~DBT_GGITHIRI~STG_ORDERS~11~order_date;6F9Q2HEKEN0VP8MNORCT3F3EOK;38JJOSEQD6FESFBBGUA0L1F83R;Snipets;;20230801172340;20230801172340;99991231000000;1;I
Snowflake~DEFAULT~DEFAULT~CTE-FINAL-1;42QOGB5GG0BCH1JSKCTT7QAJH9;5OQGSS0QEPKO2IOCQOK8VUVEB;Snipets;;20230801172340;20230801172340;99991231000000;1;I
Snowflake~DEFAULT~DEFAULT~RS-5~64~order_date;3KS6PUNHA4KCKHQTRFLE8EL93Q;5Q0LT79DKGOP4G87H5H2RJMVOV;Snipets;;20230801172340;20230801172340;99991231000000;1;I
Snowflake~DEFAULT~DEFAULT~SUM;4OG1JRETCQKM9OJ09T9HGAKJFM;2I6JF92HSLT1BTFS5477LAJLOG;Snipets;;20230801172340;20230801172340;99991231000000;1;I
Snowflake~DEFAULT~DEFAULT~CTE-FINAL-1~58~order_date;5BKLDUDSMMEHS9J6FGVCHN370B;5KRP9FSEKU9JRRM95GNGV3920;Snipets;;20230801172340;20230801172340;99991231000000;1;I
Snowflake~DEFAULT~DEFAULT~COALESCE;4V4N59LEHGP88NGJ95K3G11C8R;6G2NBASI16M64VPIL93BUVUVMN;Snipets;;20230801172340;20230801172340;99991231000000;1;I
Snowflake~DEFAULT~DEFAULT~RS-1~14_1~CUSTOMER_ID;EGLLCMI5CGKK8ILEGFGO7TFK3;5IQG1H5CVMMQMCCP0P525EK9AK;Snipets;;20230801172340;20230801172340;99991231000000;1;I
Snowflake~DEFAULT~DEFAULT~RS-3~35~order_id;9M881KHD6P33KO8R71OCNEL13;6E502SGQMK9DMJJCSUNT56QDLP;Snipets;;20230801172340;20230801172340;99991231000000;1;I
Snowflake~ANALYTICS~DBT_GGITHIRI~STG_PAYMENTS;22SV7V8L94VCVEKV3IBOT7DR6E;7JM8O7SKFJIHFCRP7AV24ESSQR;Snipets;;20230801172340;20230801172340;99991231000000;1;I
Snowflake~ANALYTICS~DBT_GGITHIRI~STG_ORDERS~15~*;5OO471UV70AN3NJ4KF70KDO0DP;6QD07BDGMTIA3PD677EL9FE8AG;Snipets;;20230801172340;20230801172340;99991231000000;1;I
Snowflake~ANALYTICS~DBT_GGITHIRI~STG_PAYMENTS;6BB3BEA0SVJ4LIJ80Q87AD0IT9;7JM8O7SKFJIHFCRP7AV24ESSQR;coordinate;[{"hashCode":"0","x":2,"y":19},{"hashCode":"0","x":2,"y":54}];20230801172348;20230801172348;99991231000000;1;I
Snowflake~DEFAULT~DEFAULT~CTE-FINAL-1;5O2FD2240TATQ65I55326F8HSJ;5OQGSS0QEPKO2IOCQOK8VUVEB;coordinate;[{"hashCode":"0","x":36,"y":15},{"hashCode":"0","x":36,"y":20}];20230801172348;20230801172348;99991231000000;1;I
Snowflake~DEFAULT~DEFAULT~CTE-PAYMENTS-1;2DHG0CKDQP5AJ9K5QNEPKLMLIR;JMIF9IHQ5966DOKT2JBA2UBT8;coordinate;[{"hashCode":"0","x":32,"y":10},{"hashCode":"0","x":32,"y":18}];20230801172348;20230801172348;99991231000000;1;I
Snowflake~DEFAULT~DEFAULT~RS-1;4VB2F7EG0S1JCO9RA9MG31JHN6;5S7MO4JV3DH1C1VDKCUHGHD2GP;coordinate;[{"hashCode":"0","x":2,"y":12},{"hashCode":"0","x":2,"y":13}];20230801172348;20230801172348;99991231000000;1;I
Snowflake~DEFAULT~DEFAULT~RS-2;4JED7S17TV36VAF5P7MK3SVV3A;2UFNO0IIS23283KC5MDI9RRT3Q;coordinate;[{"hashCode":"0","x":7,"y":9},{"hashCode":"0","x":31,"y":29}];20230801172348;20230801172348;99991231000000;1;I
Snowflake~DEFAULT~DEFAULT~RS-3;731O6TU8IGRKDPTCQ6440PJILN;2MG4KALOMJVPIVI3BB67QP73CJ;coordinate;[{"hashCode":"0","x":36,"y":8},{"hashCode":"0","x":36,"y":9}];20230801172348;20230801172348;99991231000000;1;I
Snowflake~DEFAULT~DEFAULT~CASE-WHEN;60GSTKBUE0PA5I9BN6PEG2RD9;6DJ5RJRBLDEURM05Q9UC14SL2A;coordinate;[{"hashCode":"0","x":15,"y":17},{"hashCode":"0","x":18,"y":20}];20230801172348;20230801172348;99991231000000;1;I
Snowflake~DEFAULT~DEFAULT~CASE-WHEN;534DTRKLV47MPEIG4ANNJ8N0SF;6DJ5RJRBLDEURM05Q9UC14SL2A;coordinate;[{"hashCode":"0","x":9,"y":17},{"hashCode":"0","x":12,"y":20}];20230801172348;20230801172348;99991231000000;1;I
Snowflake~DEFAULT~DEFAULT~CASE-WHEN;2OVA0KLOUHR5S8QPS3H87CJPS7;6DJ5RJRBLDEURM05Q9UC14SL2A;coordinate;[{"hashCode":"0","x":27,"y":17},{"hashCode":"0","x":30,"y":20}];20230801172348;20230801172348;99991231000000;1;I
Snowflake~DEFAULT~DEFAULT~CASE-WHEN;26CKJ912OI9680K3H8DERQF6A1;6DJ5RJRBLDEURM05Q9UC14SL2A;coordinate;[{"hashCode":"0","x":21,"y":17},{"hashCode":"0","x":24,"y":20}];20230801172348;20230801172348;99991231000000;1;I
Snowflake~DEFAULT~DEFAULT~SUM;72U51LJETLFGJEB5RN061D3LF0;2I6JF92HSLT1BTFS5477LAJLOG;coordinate;[{"hashCode":"0","x":8,"y":13},{"hashCode":"0","x":13,"y":14}];20230801172348;20230801172348;99991231000000;1;I
Snowflake~DEFAULT~DEFAULT~SUM;6S9VQ4GPFCVO5NT0CIVMKTC8TM;2I6JF92HSLT1BTFS5477LAJLOG;coordinate;[{"hashCode":"0","x":26,"y":13},{"hashCode":"0","x":31,"y":14}];20230801172348;20230801172348;99991231000000;1;I
Snowflake~DEFAULT~DEFAULT~SUM;57HMU23LEF9H6644LIKATB5KEF;2I6JF92HSLT1BTFS5477LAJLOG;coordinate;[{"hashCode":"0","x":20,"y":13},{"hashCode":"0","x":25,"y":14}];20230801172348;20230801172348;99991231000000;1;I
Snowflake~DEFAULT~DEFAULT~SUM;S1D2LM0QIP6F7U3QOB0IGLQCJ;2I6JF92HSLT1BTFS5477LAJLOG;coordinate;[{"hashCode":"0","x":14,"y":13},{"hashCode":"0","x":19,"y":14}];20230801172348;20230801172348;99991231000000;1;I
Snowflake~ANALYTICS~DBT_GGITHIRI~STG_PAYMENTS~15~*;15CJJUD23MVO5TA1L369DAFPCE;13D1CV73R1IJ0TPMULRNE156NL;coordinate;[{"hashCode":"0","x":2,"y":12},{"hashCode":"0","x":2,"y":13}];20230801172348;20230801172348;99991231000000;1;I
Snowflake~ANALYTICS~DBT_GGITHIRI~STG_PAYMENTS~11~amount;59NMBI1KCS1L8E0K1L3DU4TRPJ;265GOFDUIAOEA5JEOCDCNILTPB;coordinate;[{"hashCode":"0","x":10,"y":64},{"hashCode":"0","x":10,"y":70}];20230801172348;20230801172348;99991231000000;1;I
Snowflake~ANALYTICS~DBT_GGITHIRI~STG_PAYMENTS~9~order_id;190ASQJ2JJR8QRC6E2U9LSNDFJ;69PTHJSNJUR0DRK3UF52DKVLML;coordinate;[{"hashCode":"0","x":7,"y":9},{"hashCode":"0","x":7,"y":17}];20230801172348;20230801172348;99991231000000;1;I
Snowflake~ANALYTICS~DBT_GGITHIRI~STG_PAYMENTS~10~payment_method;7R7TJU3042LCEBQ8KCF34RERGP;1FNMNJ7L5FL7MMKPS7G8VS9FMV;coordinate;[{"hashCode":"0","x":10,"y":26},{"hashCode":"0","x":10,"y":40}];20230801172348;20230801172348;99991231000000;1;I
Snowflake~DEFAULT~DEFAULT~CTE-FINAL-1~50~bank_transfer_a;4AN6CT71AV8OBFO91H1VR5N73B;29UM8G83G2DSHRTHU33JEOBF5F;coordinate;[{"hashCode":"0","x":8,"y":13},{"hashCode":"0","x":13,"y":33}];20230801172348;20230801172348;99991231000000;1;I
Snowflake~DEFAULT~DEFAULT~CTE-FINAL-1~52~coupon_a;4107L50DVKU3CSELSQMGO7GP0E;29VFK42IM0SR3TPK79V0HUTS3N;coordinate;[{"hashCode":"0","x":20,"y":13},{"hashCode":"0","x":25,"y":26}];20230801172348;20230801172348;99991231000000;1;I
Snowflake~DEFAULT~DEFAULT~CTE-FINAL-1~51~credit_card_a;12I3K4IJGV0R5B8U1IAC0FE4VU;1E06DV3NGSABN6JQR1HNPV25N0;coordinate;[{"hashCode":"0","x":14,"y":13},{"hashCode":"0","x":19,"y":31}];20230801172348;20230801172348;99991231000000;1;I
Snowflake~DEFAULT~DEFAULT~CTE-FINAL-1~53~gift_card_a;1LRIIUTLTMS37I8OK238U295EJ;4B8O3B2LKVQ88NN1LB99OT99KS;coordinate;[{"hashCode":"0","x":26,"y":13},{"hashCode":"0","x":31,"y":29}];20230801172348;20230801172348;99991231000000;1;I
Snowflake~DEFAULT~DEFAULT~CTE-FINAL-1~49~order_id;MBKFIIR7P8LD98A9HC65EE0QI;46613809I8RN5DL11QFFMSEF7A;coordinate;[{"hashCode":"0","x":7,"y":9},{"hashCode":"0","x":7,"y":17}];20230801172348;20230801172348;99991231000000;1;I
Snowflake~DEFAULT~DEFAULT~CTE-PAYMENTS-1~16~*;6RADODRGT233D3NMNS0GJMPN4S;1JRBGG1IHMVM8VUA45DJ080OVO;coordinate;[{"hashCode":"0","x":2,"y":12},{"hashCode":"0","x":2,"y":13}];20230801172348;20230801172348;99991231000000;1;I
Snowflake~DEFAULT~DEFAULT~CTE-PAYMENTS-1~16_2~AMOUNT;24KII3D8TV4LJVNC99PGRPDPSF;43KJ7P7H0O8IH06K03L0618HU8;coordinate;[{"hashCode":"0","x":2,"y":12},{"hashCode":"0","x":2,"y":13}];20230801172348;20230801172348;99991231000000;1;I
Snowflake~DEFAULT~DEFAULT~CTE-PAYMENTS-1~16_0~ORDER_ID;7S17633R50JR8SOC1V2S6NOLOA;4QQRCSBKMS50AM67E9N2ADR169;coordinate;[{"hashCode":"0","x":2,"y":12},{"hashCode":"0","x":2,"y":13}];20230801172348;20230801172348;99991231000000;1;I
Snowflake~DEFAULT~DEFAULT~CTE-PAYMENTS-1~16_1~PAYMENT_METHOD;14HMVBEITMQI9V476B5B67PNFO;5SHIFFMEE582ITDVAE6TC3MC3R;coordinate;[{"hashCode":"0","x":2,"y":12},{"hashCode":"0","x":2,"y":13}];20230801172348;20230801172348;99991231000000;1;I
Snowflake~DEFAULT~DEFAULT~RS-1~14~*;7ONB98FBLSR82SOUHJIBU1VRDN;4NNFSUNSI94T7ETIKKR0FFCPKN;coordinate;[{"hashCode":"0","x":2,"y":12},{"hashCode":"0","x":2,"y":13}];20230801172348;20230801172348;99991231000000;1;I
Snowflake~DEFAULT~DEFAULT~RS-1~14_2~AMOUNT;5I8PI74H63D8JFM25M668UQCQ0;2HJNMQ3G6RDNN04EMV3MSEIBR7;coordinate;[{"hashCode":"0","x":2,"y":12},{"hashCode":"0","x":2,"y":13}];20230801172348;20230801172348;99991231000000;1;I
Snowflake~DEFAULT~DEFAULT~RS-1~14_0~ORDER_ID;SV5HVI30LNAHP43N8HDJSJI6I;4N4690C1PJFRMB6CEEJ6DMTPF9;coordinate;[{"hashCode":"0","x":2,"y":12},{"hashCode":"0","x":2,"y":13}];20230801172348;20230801172348;99991231000000;1;I
Snowflake~DEFAULT~DEFAULT~RS-1~61~payment_method;RK9CFIM3S4V73ONE96BQFA27Q;JHKD3CT2768J6E26J5710GBFF;coordinate;[{"hashCode":"0","x":10,"y":26},{"hashCode":"0","x":10,"y":40}];20230801172348;20230801172348;99991231000000;1;I
Snowflake~DEFAULT~DEFAULT~RS-2~20~bank_transfer_a;7U4MTTSS84O4PL941RVBPJ3009;372FB2BINCJP6934K585TNQHL6;coordinate;[{"hashCode":"0","x":8,"y":13},{"hashCode":"0","x":13,"y":33}];20230801172348;20230801172348;99991231000000;1;I
Snowflake~DEFAULT~DEFAULT~RS-2~35~coupon_a;6LLG3Q2M8I70D3KGV2IP032M8B;59L8R6M0BSNB6LGJFB61H2P42D;coordinate;[{"hashCode":"0","x":20,"y":13},{"hashCode":"0","x":25,"y":26}];20230801172348;20230801172348;99991231000000;1;I
Snowflake~DEFAULT~DEFAULT~RS-2~28~credit_card_a;1E4K113HNETFGPDMFQK4KCP4KB;2PVEIDVSIK19S1VL57VHFOM5V0;coordinate;[{"hashCode":"0","x":14,"y":13},{"hashCode":"0","x":19,"y":31}];20230801172348;20230801172348;99991231000000;1;I
Snowflake~DEFAULT~DEFAULT~RS-2~42~gift_card_a;4BR2UHU06NVF6GEIBKNGIA275K;28RDUT95D94OA3UUE2AENBORRL;coordinate;[{"hashCode":"0","x":26,"y":13},{"hashCode":"0","x":31,"y":29}];20230801172348;20230801172348;99991231000000;1;I
Snowflake~DEFAULT~DEFAULT~RS-2~19~order_id;53HP93D38LICE6VQV47H2BDJ5S;2FPKR9E4GQOF2JIC7JBOOPDAHI;coordinate;[{"hashCode":"0","x":7,"y":9},{"hashCode":"0","x":7,"y":17}];20230801172348;20230801172348;99991231000000;1;I
Snowflake~DEFAULT~DEFAULT~RS-3~57~bank_transfer_a;6M2STEGN3EJB9D8AF9ILJ5DIR1;4FLD20MFO61J9I1I9T5183F445;coordinate;[{"hashCode":"0","x":36,"y":8},{"hashCode":"0","x":36,"y":9}];20230801172348;20230801172348;99991231000000;1;I
Snowflake~DEFAULT~DEFAULT~RS-3~59~coupon_a;2CJ6M1S3C7FFNUAJ6H876RF8CH;5NEI0T4HHTNT5M17J468HBQUBN;coordinate;[{"hashCode":"0","x":36,"y":8},{"hashCode":"0","x":36,"y":9}];20230801172348;20230801172348;99991231000000;1;I
Snowflake~DEFAULT~DEFAULT~RS-3~58~credit_card_a;7JBJ3N2QDH0A38O9Q57C5H0APT;4CLTGINGOVIOPGOEIENVKPPN5P;coordinate;[{"hashCode":"0","x":36,"y":8},{"hashCode":"0","x":36,"y":9}];20230801172348;20230801172348;99991231000000;1;I
Snowflake~DEFAULT~DEFAULT~RS-3~60~gift_card_a;4JQKFET4TPEN39OMHDCHQEORVD;4PJHA12G1DU96SF73F3Q19B0MS;coordinate;[{"hashCode":"0","x":36,"y":8},{"hashCode":"0","x":36,"y":9}];20230801172348;20230801172348;99991231000000;1;I
Snowflake~DEFAULT~DEFAULT~RS-3~56~order_id;6BQ4S000NUK6THBA3QPOBJ45Q5;59TQCSKKNDV3SO65MTN5NC243H;coordinate;[{"hashCode":"0","x":36,"y":8},{"hashCode":"0","x":36,"y":9}];20230801172348;20230801172348;99991231000000;1;I
Snowflake~DEFAULT~DEFAULT~CASE-WHEN~34~case-when;3S8DJ680MPEHRPRGLFQ31JDMUI;EMPKVTJ3C51MLTGIV2CSB4N6D;coordinate;[{"hashCode":"0","x":16,"y":21},{"hashCode":"0","x":16,"y":68}];20230801172348;20230801172348;99991231000000;1;I
Snowflake~DEFAULT~DEFAULT~CASE-WHEN~26~case-when;7ONEIT5PVJT1SNHODOJFAUEVPB;422P9T9IF5NBSD421GSPICTQEP;coordinate;[{"hashCode":"0","x":10,"y":21},{"hashCode":"0","x":10,"y":70}];20230801172348;20230801172348;99991231000000;1;I
Snowflake~DEFAULT~DEFAULT~CASE-WHEN~48~case-when;1V6RFFTBNLK8765AP9LRK806LG;1LRK90H64SCV3N5FFU4NOAT66B;coordinate;[{"hashCode":"0","x":28,"y":21},{"hashCode":"0","x":28,"y":66}];20230801172348;20230801172348;99991231000000;1;I
Snowflake~DEFAULT~DEFAULT~CASE-WHEN~41~case-when;6PLMKS1LUJFGPC9AE4HGBFVP5K;6TRIV1DTUQ9DM5TVSOSJBSO5ER;coordinate;[{"hashCode":"0","x":22,"y":21},{"hashCode":"0","x":22,"y":63}];20230801172348;20230801172348;99991231000000;1;I
Snowflake~DEFAULT~DEFAULT~SUM~23~sum;CC8EV1A09SQOA32MMPSPSTC38;2R059RFDPNE94BBU9FL6OK1JKM;coordinate;[{"hashCode":"0","x":8,"y":13},{"hashCode":"0","x":8,"y":16}];20230801172348;20230801172348;99991231000000;1;I
Snowflake~DEFAULT~DEFAULT~SUM~45~sum;4UBEBSBFQAPI4CO12T1HMB1O7K;5BF2U1LIDFQ9T0RBJTI2ENR3F3;coordinate;[{"hashCode":"0","x":26,"y":13},{"hashCode":"0","x":26,"y":16}];20230801172348;20230801172348;99991231000000;1;I
Snowflake~DEFAULT~DEFAULT~SUM~38~sum;2TNMT39E0IJUDCEE5NC4Q48VI6;4L51H4B5Q4FR01KD9RL9CKUKRV;coordinate;[{"hashCode":"0","x":20,"y":13},{"hashCode":"0","x":20,"y":16}];20230801172348;20230801172348;99991231000000;1;I
Snowflake~DEFAULT~DEFAULT~SUM~31~sum;5KHLRF4B4N26F6BICAL49K9PVB;4QF6786D6G7OU1B7P47LKQ6F95;coordinate;[{"hashCode":"0","x":14,"y":13},{"hashCode":"0","x":14,"y":16}];20230801172348;20230801172348;99991231000000;1;I
Snowflake~DEFAULT~DEFAULT~CTE-FINAL-1~51~credit_card_a;20RE37N84L7VB64OCDE818JPSF;1E06DV3NGSABN6JQR1HNPV25N0;Snipets;;20230801172348;20230801172348;99991231000000;1;I
Snowflake~DEFAULT~DEFAULT~RS-1~14_2~AMOUNT;P176HGVG8983GIUV097BNND3S;2HJNMQ3G6RDNN04EMV3MSEIBR7;Snipets;;20230801172348;20230801172348;99991231000000;1;I
Snowflake~DEFAULT~DEFAULT~RS-2~42~gift_card_a;2I4ES8VQF87PQPUBP3HRVNBUQT;28RDUT95D94OA3UUE2AENBORRL;Snipets;;20230801172348;20230801172348;99991231000000;1;I
Snowflake~DEFAULT~DEFAULT~SUM~31~sum;7RT6M7847759SL9EFD2TG8SSH3;4QF6786D6G7OU1B7P47LKQ6F95;Snipets;;20230801172348;20230801172348;99991231000000;1;I
Snowflake~DEFAULT~DEFAULT~CASE-WHEN~34~case-when;1NOGQDPKV4JSOUV6HPQSD2417J;EMPKVTJ3C51MLTGIV2CSB4N6D;Snipets;;20230801172348;20230801172348;99991231000000;1;I
Snowflake~DEFAULT~DEFAULT~RS-3~59~coupon_a;4HBRLOE23IN2GRKEF1CR5BQ1HI;5NEI0T4HHTNT5M17J468HBQUBN;Snipets;;20230801172348;20230801172348;99991231000000;1;I
Snowflake~DEFAULT~DEFAULT~RS-3~56~order_id;5142KUAGEMPFIJQA8JBMB88B8M;59TQCSKKNDV3SO65MTN5NC243H;Snipets;;20230801172348;20230801172348;99991231000000;1;I
Snowflake~DEFAULT~DEFAULT~SUM~23~sum;5FOF97929NIE4FJKN6NK4G24JD;2R059RFDPNE94BBU9FL6OK1JKM;Snipets;;20230801172348;20230801172348;99991231000000;1;I
Snowflake~DEFAULT~DEFAULT~CTE-PAYMENTS-1~16_0~ORDER_ID;7CBPK61NPQ6L7HI81LP98P3BTN;4QQRCSBKMS50AM67E9N2ADR169;Snipets;;20230801172348;20230801172348;99991231000000;1;I
Snowflake~DEFAULT~DEFAULT~RS-3~58~credit_card_a;4NC91LJPES0J4V3QLM6BLNARI5;4CLTGINGOVIOPGOEIENVKPPN5P;Snipets;;20230801172348;20230801172348;99991231000000;1;I
Snowflake~DEFAULT~DEFAULT~CTE-PAYMENTS-1;4H6F0V4FHQ45EQL49I02BAO6KU;JMIF9IHQ5966DOKT2JBA2UBT8;Snipets;;20230801172348;20230801172348;99991231000000;1;I
Snowflake~ANALYTICS~DBT_GGITHIRI~STG_PAYMENTS~10~payment_method;RUIRHBSH5EM4IARM3UC78KTPE;1FNMNJ7L5FL7MMKPS7G8VS9FMV;Snipets;;20230801172348;20230801172348;99991231000000;1;I
Snowflake~ANALYTICS~DBT_GGITHIRI~STG_PAYMENTS~15~*;58V4NV1B9GOCNKLTC5O5169E9N;13D1CV73R1IJ0TPMULRNE156NL;Snipets;;20230801172348;20230801172348;99991231000000;1;I
Snowflake~DEFAULT~DEFAULT~RS-2~19~order_id;4UE598UIOU0E5NA5AP25ED9GCA;2FPKR9E4GQOF2JIC7JBOOPDAHI;Snipets;;20230801172348;20230801172348;99991231000000;1;I
Snowflake~DEFAULT~DEFAULT~SUM~45~sum;7BQA6L5AMVG2JUKAA0EO4LPUN2;5BF2U1LIDFQ9T0RBJTI2ENR3F3;Snipets;;20230801172348;20230801172348;99991231000000;1;I
Snowflake~DEFAULT~DEFAULT~RS-1~61~payment_method;2593GJQF63V01L6I54IL4Q4QCU;JHKD3CT2768J6E26J5710GBFF;Snipets;;20230801172348;20230801172348;99991231000000;1;I
Snowflake~DEFAULT~DEFAULT~CTE-FINAL-1~53~gift_card_a;5IFPP4IS6OVB7KS3IQM3UBJCUR;4B8O3B2LKVQ88NN1LB99OT99KS;Snipets;;20230801172348;20230801172348;99991231000000;1;I
Snowflake~DEFAULT~DEFAULT~CTE-PAYMENTS-1~16_1~PAYMENT_METHOD;69OPOFVV4P0S0R7QLHIHSSI88O;5SHIFFMEE582ITDVAE6TC3MC3R;Snipets;;20230801172348;20230801172348;99991231000000;1;I
Snowflake~DEFAULT~DEFAULT~CASE-WHEN;7IODT9Q6RF5BJDCMPNOO4L5AIN;6DJ5RJRBLDEURM05Q9UC14SL2A;Snipets;;20230801172348;20230801172348;99991231000000;1;I
Snowflake~ANALYTICS~DBT_GGITHIRI~STG_PAYMENTS~11~amount;57DUPK6QBVO9R45H10M8SS1FO8;265GOFDUIAOEA5JEOCDCNILTPB;Snipets;;20230801172348;20230801172348;99991231000000;1;I
Snowflake~DEFAULT~DEFAULT~RS-1~14~*;O334TTQIM95CEJADQAG86NOSE;4NNFSUNSI94T7ETIKKR0FFCPKN;Snipets;;20230801172348;20230801172348;99991231000000;1;I
Snowflake~DEFAULT~DEFAULT~CTE-FINAL-1~52~coupon_a;5RFIFSOCMK3OO9PHV01HA8LR4F;29VFK42IM0SR3TPK79V0HUTS3N;Snipets;;20230801172348;20230801172348;99991231000000;1;I
Snowflake~DEFAULT~DEFAULT~CTE-PAYMENTS-1~16~*;1Q7EL43AL3Q2HSPKVUVG6VFGLF;1JRBGG1IHMVM8VUA45DJ080OVO;Snipets;;20230801172348;20230801172348;99991231000000;1;I
Snowflake~DEFAULT~DEFAULT~CTE-FINAL-1~49~order_id;5IJUBO4JS76636UJJ5K3VQPQ3I;46613809I8RN5DL11QFFMSEF7A;Snipets;;20230801172348;20230801172348;99991231000000;1;I
Snowflake~DEFAULT~DEFAULT~CTE-PAYMENTS-1~16_2~AMOUNT;1LT5RNBBDKMGDL1ILL49CMTC9J;43KJ7P7H0O8IH06K03L0618HU8;Snipets;;20230801172348;20230801172348;99991231000000;1;I
Snowflake~DEFAULT~DEFAULT~RS-2;7RQHF8C3CUJ53HG3BA1R7VDSKL;2UFNO0IIS23283KC5MDI9RRT3Q;Snipets;;20230801172348;20230801172348;99991231000000;1;I
Snowflake~DEFAULT~DEFAULT~SUM~38~sum;73GCRF8KSPPODHPMQF8V9U1179;4L51H4B5Q4FR01KD9RL9CKUKRV;Snipets;;20230801172348;20230801172348;99991231000000;1;I
Snowflake~DEFAULT~DEFAULT~RS-3;4GSK4N2OVCENU3EL5D22BSD12B;2MG4KALOMJVPIVI3BB67QP73CJ;Snipets;;20230801172348;20230801172348;99991231000000;1;I
Snowflake~ANALYTICS~DBT_GGITHIRI~STG_PAYMENTS~9~order_id;7O86V7M8BPJS79TF4GT9RBTV9U;69PTHJSNJUR0DRK3UF52DKVLML;Snipets;;20230801172348;20230801172348;99991231000000;1;I
Snowflake~DEFAULT~DEFAULT~RS-1;4AT3O0936JIVOOROFI469IEKE3;5S7MO4JV3DH1C1VDKCUHGHD2GP;Snipets;;20230801172348;20230801172348;99991231000000;1;I
Snowflake~DEFAULT~DEFAULT~RS-1~14_0~ORDER_ID;67VKV78U0D91RGC7DK04IOUAGD;4N4690C1PJFRMB6CEEJ6DMTPF9;Snipets;;20230801172348;20230801172348;99991231000000;1;I
Snowflake~DEFAULT~DEFAULT~CASE-WHEN~41~case-when;21GHCKQOJ0H0E8RVK4N6VQI9L3;6TRIV1DTUQ9DM5TVSOSJBSO5ER;Snipets;;20230801172348;20230801172348;99991231000000;1;I
Snowflake~DEFAULT~DEFAULT~CTE-FINAL-1;42QOGB5GG0BCH1JSKCTT7QAJH9;5OQGSS0QEPKO2IOCQOK8VUVEB;Snipets;;20230801172348;20230801172348;99991231000000;1;I
Snowflake~DEFAULT~DEFAULT~CTE-FINAL-1~50~bank_transfer_a;72KLB8SHKNM9M60LC215FHMJJM;29UM8G83G2DSHRTHU33JEOBF5F;Snipets;;20230801172348;20230801172348;99991231000000;1;I
Snowflake~DEFAULT~DEFAULT~CASE-WHEN~48~case-when;1DC9S8BD9NQ1IQMOGC0FGALLDJ;1LRK90H64SCV3N5FFU4NOAT66B;Snipets;;20230801172348;20230801172348;99991231000000;1;I
Snowflake~DEFAULT~DEFAULT~RS-2~28~credit_card_a;NF0ERT8JPF026QICO6A1VUGBV;2PVEIDVSIK19S1VL57VHFOM5V0;Snipets;;20230801172348;20230801172348;99991231000000;1;I
Snowflake~DEFAULT~DEFAULT~SUM;4OG1JRETCQKM9OJ09T9HGAKJFM;2I6JF92HSLT1BTFS5477LAJLOG;Snipets;;20230801172348;20230801172348;99991231000000;1;I
Snowflake~DEFAULT~DEFAULT~RS-2~35~coupon_a;6VT1HM958FCSL9CJGHFUN2K89C;59L8R6M0BSNB6LGJFB61H2P42D;Snipets;;20230801172348;20230801172348;99991231000000;1;I
Snowflake~DEFAULT~DEFAULT~CASE-WHEN~26~case-when;50S2VPTI0JCS6AT4PVTNVFGH27;422P9T9IF5NBSD421GSPICTQEP;Snipets;;20230801172348;20230801172348;99991231000000;1;I
Snowflake~DEFAULT~DEFAULT~RS-3~60~gift_card_a;60QH5F326JVM3QMN8I5LGNJJBI;4PJHA12G1DU96SF73F3Q19B0MS;Snipets;;20230801172348;20230801172348;99991231000000;1;I
Snowflake~DEFAULT~DEFAULT~RS-3~57~bank_transfer_a;6R94QELP22KDJ6G2KK2INMTLKF;4FLD20MFO61J9I1I9T5183F445;Snipets;;20230801172348;20230801172348;99991231000000;1;I
Snowflake~DEFAULT~DEFAULT~RS-2~20~bank_transfer_a;29PQLIO55UN8QGA14GOT941QEI;372FB2BINCJP6934K585TNQHL6;Snipets;;20230801172348;20230801172348;99991231000000;1;I
Snowflake~ANALYTICS~DBT_GGITHIRI~STG_PAYMENTS;22SV7V8L94VCVEKV3IBOT7DR6E;7JM8O7SKFJIHFCRP7AV24ESSQR;Snipets;;20230801172348;20230801172348;99991231000000;1;I
Snowflake~RAW~JAFFLE_SHOP~CUSTOMERS;4F5C6TTP9AAA3AE8KQKT6JCHSK;4HMKFLI4KAJ1EQ321KVGDDDU67;coordinate;[{"hashCode":"0","x":5,"y":6},{"hashCode":"0","x":5,"y":31}];20230801172349;20230801172349;99991231000000;1;I
Snowflake~DEFAULT~DEFAULT~RS-1;1L9C4L8JB3HHP1GQ200F942QJ8;5S7MO4JV3DH1C1VDKCUHGHD2GP;coordinate;[{"hashCode":"0","x":2,"y":5},{"hashCode":"0","x":4,"y":14}];20230801172349;20230801172349;99991231000000;1;I
Snowflake~RAW~JAFFLE_SHOP~CUSTOMERS~6~first_name;5VF8I7SI1H82F7VSGD0PVSCN1P;1ST7QMV874DLF8FBR1D4RVNOJJ;coordinate;[{"hashCode":"0","x":3,"y":5},{"hashCode":"0","x":3,"y":15}];20230801172349;20230801172349;99991231000000;1;I
Snowflake~RAW~JAFFLE_SHOP~CUSTOMERS~5~id;3D8MPBMMEJ1RVQ86DU837ATGN3;7KJMO8IS0P2T4NP9EBR7QG61PG;coordinate;[{"hashCode":"0","x":2,"y":5},{"hashCode":"0","x":2,"y":7}];20230801172349;20230801172349;99991231000000;1;I
Snowflake~RAW~JAFFLE_SHOP~CUSTOMERS~7~last_name;BR8KKP4NUL1UJKDM9OGF0019I;7I8RIVKSEHH12EFGC554V04O6S;coordinate;[{"hashCode":"0","x":4,"y":5},{"hashCode":"0","x":4,"y":14}];20230801172349;20230801172349;99991231000000;1;I
Snowflake~DEFAULT~DEFAULT~RS-1~10~customer_id;1BLHAIJL8806KM250QOE7FQDL6;4DFF5VAF3CVRVMJ548HDLS35RO;coordinate;[{"hashCode":"0","x":2,"y":5},{"hashCode":"0","x":2,"y":22}];20230801172349;20230801172349;99991231000000;1;I
Snowflake~DEFAULT~DEFAULT~RS-1~11~first_name;HOQ5VI5EAH7ACKD2NQ066P5J0;7E0BRBN5JNIND8RTP83JHPCLHH;coordinate;[{"hashCode":"0","x":3,"y":5},{"hashCode":"0","x":3,"y":15}];20230801172349;20230801172349;99991231000000;1;I
Snowflake~DEFAULT~DEFAULT~RS-1~12~last_name;23AQF1U64TCJI0GJ76UH6VOOF3;B6RBKNBO5QEOIO6FKH4I5GNKG;coordinate;[{"hashCode":"0","x":4,"y":5},{"hashCode":"0","x":4,"y":14}];20230801172349;20230801172349;99991231000000;1;I
Snowflake~RAW~JAFFLE_SHOP~CUSTOMERS;18LGKOURLTA1MOS8I7Q2THCMH0;4HMKFLI4KAJ1EQ321KVGDDDU67;Snipets;;20230801172349;20230801172349;99991231000000;1;I
Snowflake~RAW~JAFFLE_SHOP~CUSTOMERS~6~first_name;125EIP618QVGIOTG917ETIE1KD;1ST7QMV874DLF8FBR1D4RVNOJJ;Snipets;;20230801172349;20230801172349;99991231000000;1;I
Snowflake~RAW~JAFFLE_SHOP~CUSTOMERS~5~id;7A7186A83AOHC6HLD4CEVAE03C;7KJMO8IS0P2T4NP9EBR7QG61PG;Snipets;;20230801172349;20230801172349;99991231000000;1;I
Snowflake~DEFAULT~DEFAULT~RS-1;4AT3O0936JIVOOROFI469IEKE3;5S7MO4JV3DH1C1VDKCUHGHD2GP;Snipets;;20230801172349;20230801172349;99991231000000;1;I
Snowflake~DEFAULT~DEFAULT~RS-1~10~customer_id;4J54E0E4S2UVF1CL71IOJ9393A;4DFF5VAF3CVRVMJ548HDLS35RO;Snipets;;20230801172349;20230801172349;99991231000000;1;I
Snowflake~DEFAULT~DEFAULT~RS-1~12~last_name;7HFIPDJ8RNEJTSDFIFCIU69S59;B6RBKNBO5QEOIO6FKH4I5GNKG;Snipets;;20230801172349;20230801172349;99991231000000;1;I
Snowflake~RAW~JAFFLE_SHOP~CUSTOMERS~7~last_name;6U3044BO3HMNJP2GJGNFR86HVE;7I8RIVKSEHH12EFGC554V04O6S;Snipets;;20230801172349;20230801172349;99991231000000;1;I
Snowflake~DEFAULT~DEFAULT~RS-1~11~first_name;2LDCTE1SJF73EP08GEVKUDJLMA;7E0BRBN5JNIND8RTP83JHPCLHH;Snipets;;20230801172349;20230801172349;99991231000000;1;I
Snowflake~RAW~JAFFLE_SHOP~ORDERS;7TU8H7HS6OBHLUUB15B8C4Q20I;1GAE08OP9UOM3A00OBMJG6OV7J;coordinate;[{"hashCode":"0","x":6,"y":6},{"hashCode":"0","x":6,"y":28}];20230801172351;20230801172351;99991231000000;1;I
Snowflake~DEFAULT~DEFAULT~RS-1;4C52IK1F35PV6NDLQ4OGGKQLUP;5S7MO4JV3DH1C1VDKCUHGHD2GP;coordinate;[{"hashCode":"0","x":2,"y":5},{"hashCode":"0","x":5,"y":11}];20230801172351;20230801172351;99991231000000;1;I
Snowflake~RAW~JAFFLE_SHOP~ORDERS~5~id;6SJ1UIKQGINOQ1DSFPOAGV366P;29F0VRE7Q6HC2390ACP6UQ9BAO;coordinate;[{"hashCode":"0","x":2,"y":5},{"hashCode":"0","x":2,"y":7}];20230801172351;20230801172351;99991231000000;1;I
Snowflake~RAW~JAFFLE_SHOP~ORDERS~7~order_date;4K2BBQCEN1FB3L7M85ONB2VIBJ;31EO9MKLFBLB88IN0P54CV9NTE;coordinate;[{"hashCode":"0","x":4,"y":5},{"hashCode":"0","x":4,"y":15}];20230801172351;20230801172351;99991231000000;1;I
Snowflake~RAW~JAFFLE_SHOP~ORDERS~8~status;M0340U7RNQAQVD2LQMADTAQVL;39M6FB9OTNVOSFDMSU5C4JAD13;coordinate;[{"hashCode":"0","x":5,"y":5},{"hashCode":"0","x":5,"y":11}];20230801172351;20230801172351;99991231000000;1;I
Snowflake~RAW~JAFFLE_SHOP~ORDERS~6~user_id;5HPVUQV1G12VP6J0GR8IMCAV70;64VVKP2ER1SL1BCAU3EKEBU2P1;coordinate;[{"hashCode":"0","x":3,"y":5},{"hashCode":"0","x":3,"y":12}];20230801172351;20230801172351;99991231000000;1;I
Snowflake~DEFAULT~DEFAULT~RS-1~12~customer_id;MUSN2ABQOIADJREHUIL5BNRT9;3RGE77D5O8IRN3KBDMSUFRNS02;coordinate;[{"hashCode":"0","x":3,"y":5},{"hashCode":"0","x":3,"y":27}];20230801172351;20230801172351;99991231000000;1;I
Snowflake~DEFAULT~DEFAULT~RS-1~13~order_date;1QECVV1R5MN347HNT31THSM07S;7S35T2LVJ8LG4AP5D0EO0AFF6R;coordinate;[{"hashCode":"0","x":4,"y":5},{"hashCode":"0","x":4,"y":15}];20230801172351;20230801172351;99991231000000;1;I
Snowflake~DEFAULT~DEFAULT~RS-1~11~order_id;5QPO21O5E1LEGJQSI4HCH4RDQO;4KAB36G0H3QA8VNHLHBGRKGGQE;coordinate;[{"hashCode":"0","x":2,"y":5},{"hashCode":"0","x":2,"y":19}];20230801172351;20230801172351;99991231000000;1;I
Snowflake~DEFAULT~DEFAULT~RS-1~14~status;7H0T2EC8J3KLK1L3M02IBD2J0N;198FMC7LUQLSF1NC03DM82EDB0;coordinate;[{"hashCode":"0","x":5,"y":5},{"hashCode":"0","x":5,"y":11}];20230801172351;20230801172351;99991231000000;1;I
Snowflake~RAW~JAFFLE_SHOP~ORDERS;6CEVG7EELADEFMQT75FGIBQJLC;1GAE08OP9UOM3A00OBMJG6OV7J;Snipets;;20230801172351;20230801172351;99991231000000;1;I
Snowflake~RAW~JAFFLE_SHOP~ORDERS~5~id;2B3QB9OIH1CQ41GUFVNA586BIA;29F0VRE7Q6HC2390ACP6UQ9BAO;Snipets;;20230801172351;20230801172351;99991231000000;1;I
Snowflake~DEFAULT~DEFAULT~RS-1~13~order_date;4AQVDHLNO04I2JUCESU723QD0C;7S35T2LVJ8LG4AP5D0EO0AFF6R;Snipets;;20230801172351;20230801172351;99991231000000;1;I
Snowflake~DEFAULT~DEFAULT~RS-1~11~order_id;437HOL9JE652BQ4T1AHPPJAA4S;4KAB36G0H3QA8VNHLHBGRKGGQE;Snipets;;20230801172351;20230801172351;99991231000000;1;I
Snowflake~RAW~JAFFLE_SHOP~ORDERS~6~user_id;7KGPARPBA6VSVOCEUIRKSMQ9K3;64VVKP2ER1SL1BCAU3EKEBU2P1;Snipets;;20230801172351;20230801172351;99991231000000;1;I
Snowflake~DEFAULT~DEFAULT~RS-1;4AT3O0936JIVOOROFI469IEKE3;5S7MO4JV3DH1C1VDKCUHGHD2GP;Snipets;;20230801172351;20230801172351;99991231000000;1;I
Snowflake~DEFAULT~DEFAULT~RS-1~12~customer_id;IEIO5V12OQVPSGK01MF8A3KVF;3RGE77D5O8IRN3KBDMSUFRNS02;Snipets;;20230801172351;20230801172351;99991231000000;1;I
Snowflake~DEFAULT~DEFAULT~RS-1~14~status;4E0I1L24DMGIJHR0897BFSLUS0;198FMC7LUQLSF1NC03DM82EDB0;Snipets;;20230801172351;20230801172351;99991231000000;1;I
Snowflake~RAW~JAFFLE_SHOP~ORDERS~7~order_date;249AMAI2TJN1KBTECS75ICG8GC;31EO9MKLFBLB88IN0P54CV9NTE;Snipets;;20230801172351;20230801172351;99991231000000;1;I
Snowflake~RAW~JAFFLE_SHOP~ORDERS~8~status;6BK7A3TNEF42C57G4FTETHULMP;39M6FB9OTNVOSFDMSU5C4JAD13;Snipets;;20230801172351;20230801172351;99991231000000;1;I
Snowflake~RAW~STRIPE~PAYMENT;2867913CHNMA7CV7DPQSTV98VH;649BELLVD7D5QJ6UCEBH7282S0;coordinate;[{"hashCode":"0","x":9,"y":6},{"hashCode":"0","x":9,"y":24}];20230801172353;20230801172353;99991231000000;1;I
Snowflake~DEFAULT~DEFAULT~RS-1;7OCDIGOT4P9DTULJKIQ6EEPO32;5S7MO4JV3DH1C1VDKCUHGHD2GP;coordinate;[{"hashCode":"0","x":2,"y":5},{"hashCode":"0","x":8,"y":26}];20230801172353;20230801172353;99991231000000;1;I
Snowflake~DEFAULT~DEFAULT~ROUND;7IJ1CD47OASV6E55AUS6AV6RJ8;59MRTL9VE6HUL5C43QQH15E0S0;coordinate;[{"hashCode":"0","x":7,"y":5},{"hashCode":"0","x":7,"y":34}];20230801172353;20230801172353;99991231000000;1;I
Snowflake~RAW~STRIPE~PAYMENT~9~amount;6SQEF8RL2C6OMVPSJ5JIGDFJOV;T45IO3C3RKULUJ0U4FBLLE6EO;coordinate;[{"hashCode":"0","x":7,"y":18},{"hashCode":"0","x":7,"y":24}];20230801172353;20230801172353;99991231000000;1;I
Snowflake~RAW~STRIPE~PAYMENT~10~created;5O2U39LDB1ARPD6LPQUE779QQM;1EMSIGTT0MRT1E1I55PG732765;coordinate;[{"hashCode":"0","x":8,"y":5},{"hashCode":"0","x":8,"y":12}];20230801172353;20230801172353;99991231000000;1;I
Snowflake~RAW~STRIPE~PAYMENT~5~id;3C4PJM5CMHF8BG56CQONJ1NFO5;172HRHBVUESG2U7BM9ESHH0QKR;coordinate;[{"hashCode":"0","x":2,"y":5},{"hashCode":"0","x":2,"y":7}];20230801172353;20230801172353;99991231000000;1;I
Snowflake~RAW~STRIPE~PAYMENT~6~orderid;2AE5L41DTBIAG7IP48E6GFCK3J;41OSIJDSUNBJGS65B4GU98BGRH;coordinate;[{"hashCode":"0","x":3,"y":5},{"hashCode":"0","x":3,"y":12}];20230801172353;20230801172353;99991231000000;1;I
Snowflake~RAW~STRIPE~PAYMENT~7~paymentmethod;4FI1UKRQRMVE0H97M2G9VB2UF8;F76JUADDDD6LK2MCHAOO6C6BC;coordinate;[{"hashCode":"0","x":4,"y":5},{"hashCode":"0","x":4,"y":18}];20230801172353;20230801172353;99991231000000;1;I
Snowflake~RAW~STRIPE~PAYMENT~8~status;4PU2UGTO3V52SIET927G3JFKDO;3264H33R44J20BGNJO0OMNPQFF;coordinate;[{"hashCode":"0","x":5,"y":5},{"hashCode":"0","x":5,"y":11}];20230801172353;20230801172353;99991231000000;1;I
Snowflake~DEFAULT~DEFAULT~RS-1~17~amount;2DLIGC0IUMO4SLIMRE2TONT300;2K7BUQ9TB6KBE40U4M909Q2PA7;coordinate;[{"hashCode":"0","x":7,"y":5},{"hashCode":"0","x":7,"y":44}];20230801172353;20230801172353;99991231000000;1;I
Snowflake~DEFAULT~DEFAULT~RS-1~21~created_at;1BINP7BJIKONJ9V7D0LRU5GJN0;67DQG3TT6HL18DRVLKM79AP3GS;coordinate;[{"hashCode":"0","x":8,"y":5},{"hashCode":"0","x":8,"y":26}];20230801172353;20230801172353;99991231000000;1;I
Snowflake~DEFAULT~DEFAULT~RS-1~14~order_id;1830N692SF2D26017NQB89KIJR;13NKCJ6HBES28PLQAPC0G1J4MR;coordinate;[{"hashCode":"0","x":3,"y":5},{"hashCode":"0","x":3,"y":24}];20230801172353;20230801172353;99991231000000;1;I
Snowflake~DEFAULT~DEFAULT~RS-1~13~payment_id;1DTOD91FI8JTLDIMHPB3J39M2C;210TBLICKTO6OAA8OLCS0FELQH;coordinate;[{"hashCode":"0","x":2,"y":5},{"hashCode":"0","x":2,"y":21}];20230801172353;20230801172353;99991231000000;1;I
Snowflake~DEFAULT~DEFAULT~RS-1~15~payment_method;GNTIQTRVCNLPRQGSN98EV8QAF;12GSU3520TFA0OLL08E3SQHG1V;coordinate;[{"hashCode":"0","x":4,"y":5},{"hashCode":"0","x":4,"y":36}];20230801172353;20230801172353;99991231000000;1;I
Snowflake~DEFAULT~DEFAULT~RS-1~16~status;3KBET46HVB0S5EHTTFR0EJBH68;7BM72U8SJELQT7IVSA59HLL03D;coordinate;[{"hashCode":"0","x":5,"y":5},{"hashCode":"0","x":5,"y":11}];20230801172353;20230801172353;99991231000000;1;I
Snowflake~DEFAULT~DEFAULT~ROUND~20~round;4P5LCAMOKQ8NIE17OJ2NSQNQIT;7HCIOPCNH8J4IL2H2ABE5CT4MO;coordinate;[{"hashCode":"0","x":7,"y":5},{"hashCode":"0","x":7,"y":10}];20230801172353;20230801172353;99991231000000;1;I
Snowflake~RAW~STRIPE~PAYMENT;4NOKQ6L1RCT9HL5QGF35RQ6DSA;649BELLVD7D5QJ6UCEBH7282S0;Snipets;;20230801172353;20230801172353;99991231000000;1;I
Snowflake~DEFAULT~DEFAULT~RS-1~13~payment_id;70U0EINUD2S6EH29QJQ8KG5RD7;210TBLICKTO6OAA8OLCS0FELQH;Snipets;;20230801172353;20230801172353;99991231000000;1;I
Snowflake~DEFAULT~DEFAULT~RS-1;4AT3O0936JIVOOROFI469IEKE3;5S7MO4JV3DH1C1VDKCUHGHD2GP;Snipets;;20230801172353;20230801172353;99991231000000;1;I
Snowflake~DEFAULT~DEFAULT~RS-1~14~order_id;5DJLPB8BF2R0N0392KVBG221P8;13NKCJ6HBES28PLQAPC0G1J4MR;Snipets;;20230801172353;20230801172353;99991231000000;1;I
Snowflake~DEFAULT~DEFAULT~RS-1~21~created_at;IUR59NKRAN968HJKJS8OM55DF;67DQG3TT6HL18DRVLKM79AP3GS;Snipets;;20230801172353;20230801172353;99991231000000;1;I
Snowflake~DEFAULT~DEFAULT~RS-1~16~status;BT5R41KJE4JDU07HPFJIN5CNV;7BM72U8SJELQT7IVSA59HLL03D;Snipets;;20230801172353;20230801172353;99991231000000;1;I
Snowflake~DEFAULT~DEFAULT~ROUND~20~round;127LC2UGKTN6QDUC2DGQSFG5LN;7HCIOPCNH8J4IL2H2ABE5CT4MO;Snipets;;20230801172353;20230801172353;99991231000000;1;I
Snowflake~RAW~STRIPE~PAYMENT~10~created;11ID2KBNUJ8P55P0OIG9LT01P0;1EMSIGTT0MRT1E1I55PG732765;Snipets;;20230801172353;20230801172353;99991231000000;1;I
Snowflake~RAW~STRIPE~PAYMENT~5~id;OIV19P8OJKSCPKB3BIQH3LMN7;172HRHBVUESG2U7BM9ESHH0QKR;Snipets;;20230801172353;20230801172353;99991231000000;1;I
Snowflake~DEFAULT~DEFAULT~RS-1~15~payment_method;4QEK4JKOU18M7TE6HQVAB19IMU;12GSU3520TFA0OLL08E3SQHG1V;Snipets;;20230801172353;20230801172353;99991231000000;1;I
Snowflake~RAW~STRIPE~PAYMENT~8~status;5P816O50A6BFJIS09D06N9LSIQ;3264H33R44J20BGNJO0OMNPQFF;Snipets;;20230801172353;20230801172353;99991231000000;1;I
Snowflake~DEFAULT~DEFAULT~ROUND;6JJ04ES1KPJIQTR91JM6NFAA20;59MRTL9VE6HUL5C43QQH15E0S0;Snipets;;20230801172353;20230801172353;99991231000000;1;I
Snowflake~RAW~STRIPE~PAYMENT~6~orderid;2UCHESTIB42RF0KD57Q25JNEOP;41OSIJDSUNBJGS65B4GU98BGRH;Snipets;;20230801172353;20230801172353;99991231000000;1;I
Snowflake~RAW~STRIPE~PAYMENT~7~paymentmethod;2B38KL6JT1S09F58UVO8E35SCC;F76JUADDDD6LK2MCHAOO6C6BC;Snipets;;20230801172353;20230801172353;99991231000000;1;I
Snowflake~RAW~STRIPE~PAYMENT~9~amount;3O986V1CHF48SNDHRIIKAK816R;T45IO3C3RKULUJ0U4FBLLE6EO;Snipets;;20230801172353;20230801172353;99991231000000;1;I
Snowflake~DEFAULT~DEFAULT~RS-1~17~amount;7SOKRAJ9MKJ9SGM7O0L2UAKMN6;2K7BUQ9TB6KBE40U4M909Q2PA7;Snipets;;20230801172353;20230801172353;99991231000000;1;I
